CATEGORY,Microinsurance,Microinsurance,Microinsurance,Microinsurance,Microinsurance,Microinsurance,Microinsurance,Microinsurance,Microinsurance,Microinsurance,Microinsurance,Microinsurance,Microinsurance,Microinsurance,Microinsurance,Microinsurance,Microinsurance,Microinsurance,Microinsurance,Microinsurance,Microinsurance,Microinsurance,Microinsurance,Microinsurance,Microinsurance,Microinsurance,Microinsurance,Microinsurance,Microinsurance,Microinsurance,Microinsurance,Microinsurance,Microinsurance,Microinsurance,Microinsurance,Microinsurance,Microinsurance,Microinsurance,Microinsurance,Microinsurance,Microinsurance,Microinsurance,Microinsurance,Microinsurance,Microinsurance,Microinsurance,Microinsurance,Microinsurance,Demographics,Demographics,Demographics,Demographics,Development,Development,Development,Development,Economy,Economy,Economy,Finance,Finance,Finance,Finance,Finance,Finance,Finance,Finance,Finance,Finance,Finance,Finance,Finance,Finance,Finance,Finance,Health,Health,Health,Health,Health,Health,Health,Health,Health,Health,Health,Index Coverage Indicators,Index Coverage Indicators,Index Coverage Indicators,Index Coverage Indicators,Index Coverage Indicators,Index Coverage Indicators,Poverty,Poverty,Poverty,Poverty,Poverty,Poverty,Poverty,Poverty,Poverty
YEAR,2011,2011,2011,2011,2011,2011,2011,2011,2011,2011,2011,2011,2011,2011,2011,2011,2008,2008,2008,2008,2008,2008,2008,2008,2008,2008,2008,2008,2008,2008,2008,2008,2005,2005,2005,2005,2005,2005,2005,2005,2005,2005,2005,2005,2005,2005,2005,2005,2010,2010,2010,2010,2010,2010,2010,2010,2010,2010,2010,2011,2011,2011,2011,2011,2011,2011,2011,2010,2010,2010,2010,2010,2010,2010,2010,2008,2008,2008,2008,2008,2008,2008,2008,2008,2008,2008,2010,2010,2010,2009,2009,2009,2010,2010,2010,2010,2010,2010,2010,2010,2010
INDICATOR,Total coverage,Credit life coverage,Life coverage (excluding credit life),Life and accident coverage (excluding credit life),Health coverage,Accident coverage,Property coverage,Agriculture coverage,Total coverage ratio,Credit life coverage ratio,Life coverage ratio (excluding credit life),Life and accident coverage ratio (excluding credit life),Health coverage ratio,Accident coverage ratio,Property coverage ratio,Agriculture coverage ratio,Total coverage,Credit life coverage,Life coverage (excluding credit life),Life and accident coverage (excluding credit life),Health coverage,Accident coverage,Property coverage,Agriculture coverage,Total coverage ratio,Credit life coverage ratio,Life coverage ratio (excluding credit life),Life and accident coverage ratio (excluding credit life),Health coverage ratio,Accident coverage ratio,Property coverage ratio,Agriculture coverage ratio,Total coverage,Credit life coverage,Life coverage (excluding credit life),Life and accident coverage (excluding credit life),Health coverage,Accident coverage,Property coverage,Agriculture coverage,Total coverage ratio,Credit life coverage ratio,Life coverage ratio (excluding credit life),Life and accident coverage ratio (excluding credit life),Health coverage ratio,Accident coverage ratio,Property coverage ratio,Agriculture coverage ratio,Population,Urban Population,Population ages 15-64,Population Density,Human Development Index,"Literacy rate, total population ages 15 and above","Literacy rate, female","Literacy rate, male",GDP,GDP per capita,GDP Growth (5 year average),Remittances received,Number of MFIs,Number of active MFI borrowers,MFI Gross Loan Portfolio,Commercial deposit accounts,Coop and credit union deposit accounts,State Financial Institution deposit accounts,MFI deposit accounts,Remittances received,Number of MFIs,Number of active MFI borrowers,MFI Gross Loan Portfolio,Commercial deposit accounts,Coop and credit union deposit accounts,State Financial Institution deposit accounts,MFI deposit accounts,Public Expenditures on health,Per Capita total expenditure on health,Private expenditures on health,Out of pocket expenditures on health,External Resources for health,Under 5 mortality rate,Maternal mortality rates,Avgerage life expectancy,"Avgerage life expectancy, male","Avgerage life expectancy, female", Physician Density,"Impact of natural disasters, number of deaths","Impact of natural disasters, population affected",Permanent cropland,"Impact of natural disasters, number of deaths","Impact of natural disasters, population affected",Permanent cropland,Income share held by poorest 20% of the population,Poverty headcount ratio at 2 USD a day,Poverty headcount ratio at rural poverty line,Poverty headcount ratio at urban poverty line,Poverty headcount ratio at national poverty line,GINI Index,"Avgerage life expectancy, male","Avgerage life expectancy, female", Physician Density
AFG,,,,,,,,,,,,,,,,,,,,,,,,,,,,,,,,,,,,,,,,,,,,,,,,,,,,,,,,,,,,,,,,,,,,,,,,,,,,,,,,,,,,,,,,,,,,,,,,,,,,,
ALB,,,,,,,,,,,,,,,,,,,,,,,,,,,,,,,,,,,,,,,,,,,,,,,,,,,,,,,,,,,,,,,,,,,,,,,,,,,,,,,,,,,,,,,,,,,,,,,,,,,,,
DZA,2036,0,0,0,0,0,2036,2036,0.005740352,0,0,0,0,0,0.005740352,0.005740352,1500,1500,,0,0,,0,0,0.004356915,0.004356915,,0,0,,0,0,0,0,0,0,0,0,0,,0,0,0,0,0,0,0,,35468208,72.865,68.55845262,14.89172118,0.696,72.6,60.1,79.6,1.62E+11,4494.886728,2.50127505,5399,,,,,,,,,,,,736.5648,,,,3.6,272,13.9,94.7,0,32,120,72,71,74,1.207,4,564,,,,0.392570138,,,,,,,71,74,1.207
AND,,,,,,,,,,,,,,,,,,,,,,,,,,,,,,,,,,,,,,,,,,,,,,,,,,,,,,,,,,,,,,,,,,,,,,,,,,,,,,,,,,,,,,,,,,,,,,,,,,,,,
AGO,0,0,0,0,0,0,0,0,0,0,0,0,0,0,0,0,,,,,,,,,,,,,,,,,0,0,0,0,0,0,0,,0,0,0,0,0,0,0,,19081912,59.1426,51.26377072,15.30593727,0.482,70,54.2,82.9,82470894868,4422.542824,11.95266781,969,1,12686,13223198,,,,,,,,,,,,,2,148,15,100,3,161,610,52,51,53,0.08,2,4989,,,,0.232614101,,,,,,,51,53,0.08
AIA,,,,,,,,,,,,,,,,,,,,,,,,,,,,,,,,,,,,,,,,,,,,,,,,,,,,,,,,,,,,,,,,,,,,,,,,,,,,,,,,,,,,,,,,,,,,,,,,,,,,,
ATG,,,,,,,,,,,,,,,,,,,,,,,,,,,,,,,,,,,,,,,,,,,,,,,,,,,,,,,,,,,,,,,,,,,,,,,,,,,,,,,,,,,,,,,,,,,,,,,,,,,,,
ARG,1356247,0,1337009,1337009,19238,430000,0,0,3.356018958,0,3.308414729,3.308414729,0.047604229,1.064030484,0,0,,,,,,,,,,,,,,,,,,,,,,,,,,,,,,,,,40412376,92.4,64.69096441,15.02,0.794,97.725,97.2,97.2,3.69E+11,9124.335133,6.777799476,1011,12,39176,41685829,,,,,,,,,906.29,0.14,,,5.1,610,42.7,59.2,10.4,14,70,75.46409756,71.5,79.1,3.21,0,1790,,,,0.365404923,0.0438,1.87,0,9.9,,44.49,71.5,79.1,3.21
ARM,,,,,,,,,,,,,,,,,,,,,,,,,,,,,,,,,,,,,,,,,,,,,,,,,,,,,,,,,,,,,,,,,,,,,,,,,,,,,,,,,,,,,,,,,,,,,,,,,,,,,
ABW,,,,,,,,,,,,,,,,,,,,,,,,,,,,,,,,,,,,,,,,,,,,,,,,,,,,,,,,,,,,,,,,,,,,,,,,,,,,,,,,,,,,,,,,,,,,,,,,,,,,,
AUS,,,,,,,,,,,,,,,,,,,,,,,,,,,,,,,,,,,,,,,,,,,,,,,,,,,,,,,,,,,,,,,,,,,,,,,,,,,,,,,,,,,,,,,,,,,,,,,,,,,,,
AUT,,,,,,,,,,,,,,,,,,,,,,,,,,,,,,,,,,,,,,,,,,,,,,,,,,,,,,,,,,,,,,,,,,,,,,,,,,,,,,,,,,,,,,,,,,,,,,,,,,,,,
AZE,,,,,,,,,,,,,,,,,,,,,,,,,,,,,,,,,,,,,,,,,,,,,,,,,,,,,,,,,,,,,,,,,,,,,,,,,,,,,,,,,,,,,,,,,,,,,,,,,,,,,
BHS,,,,,,,,,,,,,,,,,,,,,,,,,,,,,,,,,,,,,,,,,,,,,,,,,,,,,,,,,,,,,,,,,,,,,,,,,,,,,,,,,,,,,,,,,,,,,,,,,,,,,
BHR,,,,,,,,,,,,,,,,,,,,,,,,,,,,,,,,,,,,,,,,,,,,,,,,,,,,,,,,,,,,,,,,,,,,,,,,,,,,,,,,,,,,,,,,,,,,,,,,,,,,,
BGD,,,,,,,,,,,,,,,,,,,,,,,,,,,,,,,,,,,,,,,,,,,,,,,,,,,,,,,,,,,,,,,,,,,,,,,,,,,,,,,,,,,,,,,,,,,,,,,,,,,,,
BRB,,,,,,,,,,,,,,,,,,,,,,,,,,,,,,,,,,,,,,,,,,,,,,,,,,,,,,,,,,,,,,,,,,,,,,,,,,,,,,,,,,,,,,,,,,,,,,,,,,,,,
BLR,,,,,,,,,,,,,,,,,,,,,,,,,,,,,,,,,,,,,,,,,,,,,,,,,,,,,,,,,,,,,,,,,,,,,,,,,,,,,,,,,,,,,,,,,,,,,,,,,,,,,
BEL,,,,,,,,,,,,,,,,,,,,,,,,,,,,,,,,,,,,,,,,,,,,,,,,,,,,,,,,,,,,,,,,,,,,,,,,,,,,,,,,,,,,,,,,,,,,,,,,,,,,,
BLZ,540,0,0,0,0,0,540,0,0.156657963,0,0,0,0,0,0.156657963,0,,,,,,,,,,,,,,,,,0,0,0,0,0,0,0,,0,0,0,0,0,0,0,,344700,52.7,61.63875128,13.98,0.698,,77.1,76.7,1401000000,4064.403829,2.505850049,107,1,4559,14398437,,,,,,,,,,,,,2.6,202,29.8,100,1.6,18,94,75.6185122,73.9,76.8,0.828,13,28239,,,,1.402893468,,0,44.2,23.7,33.5,,73.9,76.8,0.828
BEN,200506,43356,12453,26325,157361,22946,2260,842,2.265632168,0.489904284,0.140713582,0.297461257,1.778112094,0.25928,0.025537035,0.00951424,170081,57250,,1700,118081,,95,0,2.035440487,0.685138069,,0.020344711,1.413131673,,0.00113691,0,81434,28110,2500,5500,34722,3000,0,,1.066761753,0.368232837,0.032749274,0.072048403,0.454848117,0.039299129,0,,8849892,44.9086,53.4430837,80.00263967,0.425,41.7,23.3,47.9,6558349890,749.5069822,1.48,263,11,231167,126211478,,,,,,,,,99.84682,,,174.071,2.5,32,48.3,92.6,17.7,118,410,57,54,60,0.059,1,12662,,,,2.711986982,6.99,75.32,46,29,39,38.62,54,60,0.059
BMU,,,,,,,,,,,,,,,,,,,,,,,,,,,,,,,,,,,,,,,,,,,,,,,,,,,,,,,,,,,,,,,,,,,,,,,,,,,,,,,,,,,,,,,,,,,,,,,,,,,,,
BTN,,,,,,,,,,,,,,,,,,,,,,,,,,,,,,,,,,,,,,,,,,,,,,,,,,,,,,,,,,,,,,,,,,,,,,,,,,,,,,,,,,,,,,,,,,,,,,,,,,,,,
BOL,718117,488177,716334,717413,6079,467675,708,8,7.231902519,4.916258042,7.213946556,7.224812784,0.061219461,4.709789645,0.007130018,0.000793012921749053E,,,,,,,,,,,,,,,,,250000,0,0,0,250000,0,0,,2.733239638,0,0,0,2.733239638,0,0,,9929849,66.5,59.5874271,9.21,0.66,90.69,80.7,93.1,19649724656,1978.854327,4.598722763,1012,24,1026029,3047668806,,,,,,,,,337.5,185.98,,171.74,3.4,78,34.3,80.6,8.8,51,180,65.96385366,63.4,67.7,,5,18428,,,,0.202160066,0.0213,24.89,77.3,50.9,60.1,56.29,63.4,67.7,
BIH,,,,,,,,,,,,,,,,,,,,,,,,,,,,,,,,,,,,,,,,,,,,,,,,,,,,,,,,,,,,,,,,,,,,,,,,,,,,,,,,,,,,,,,,,,,,,,,,,,,,,
BWA,23657,0,23657,23657,0,23657,0,0,1.178756767,0,1.178756767,1.178756767,0,1.178756767,0,0,16000,1000,,7000,10000,,11000,100,0.818488845,0.051155553,,0.358088869,0.511555528,,0.562711081,0.005115555,0,0,0,0,0,0,0,,0,0,0,0,0,0,0,,2006945,61.6148,63.69992766,3.541271858,0.631,84.1,81.8,80.4,14904834649,7402.930987,3.01234539,,,,,,,,,,,,,479.3566,8.076175,421.0981,3.973953,4.3,530,21.8,33.1,4.2,57,190,61,59,62,0.336,0,499,,,,0.003529017,,,44.8,19.4,,,59,62,0.336
BRA,10447500,500,7767000,10392500,4100000,9592500,2055000,0,5.359163467,0.000256481,3.984170629,5.330950594,2.103141442,4.920581532,1.054135528,0,,,,,,,,,,,,,,,,,,,,,,,,,,,,,,,,,194946470,86.5,67.82002229,23.89,0.715,90.03,88.8,88.4,2.14E+12,10710.06597,4.411205428,1974,22,2007737,1838679288,,,,,,,,,1065.35,3.79,0.56,1.09,3.5,721,56,57.1,0,21,58,72.75980488,68.7,75.9,1.764,1,3440,,,,0.862943322,0.0285,10.82,0,0,21.4,54.69,68.7,75.9,1.764
VGB,,,,,,,,,,,,,,,,,,,,,,,,,,,,,,,,,,,,,,,,,,,,,,,,,,,,,,,,,,,,,,,,,,,,,,,,,,,,,,,,,,,,,,,,,,,,,,,,,,,,,
BRN,,,,,,,,,,,,,,,,,,,,,,,,,,,,,,,,,,,,,,,,,,,,,,,,,,,,,,,,,,,,,,,,,,,,,,,,,,,,,,,,,,,,,,,,,,,,,,,,,,,,,
BGR,,,,,,,,,,,,,,,,,,,,,,,,,,,,,,,,,,,,,,,,,,,,,,,,,,,,,,,,,,,,,,,,,,,,,,,,,,,,,,,,,,,,,,,,,,,,,,,,,,,,,
BFA,215137,178350,173504,173504,26059,0,0,194,1.30633758,1.082962519,1.053537028,1.053537028,0.158233363,0,0,0.001177991,140403,82637,,19296,36381,,12000,0,0.904935,0.532617634,,0.124367896,0.234485305,,0.077343219,0,35429,19719,0,0,15710,0,0,,0.249527009,0.13888123,0,0,0.110645779,0,0,,16468714,26.509,52.53311189,60.19266813,0.329,28.7,15.2,29.4,8825364008,535.5799289,5.368839834,507,9,229930,142096058,,,,,,,,,67.61491,,,100.3489,3.4,37,40.9,92.9,29.2,166,560,52,49,56,0.064,1,2723,,,,0.237573099,6.72,72.56,52.6,27.9,46.7,39.79,49,56,0.064
BDI,91920,0,91920,91920,87370,0,0,0,1.096524583,0,1.096524583,1.096524583,1.042247093,0,0,0,24610,10000,,5500,14610,,0,0,0.30981754,0.125890914,,0.069240003,0.183926626,,0,0,0,0,0,0,0,0,0,,0,0,0,0,0,0,0,,8382849,10.928,59.62441336,326.4349299,0.313,66.6,52.2,67.3,2026862708,192.123814,4.125043219,184,2,13999,3955256,,,,,,,,,23.35308,81.39767,1.037058,7.354789,5.2,19,60,63.4,34.5,166,970,50,49,51,0.03,2,29916,,,,13.62928349,8.96,93.45,68.9,34,66.9,33.27,49,51,0.03
KHM,,,,,,,,,,,,,,,,,,,,,,,,,,,,,,,,,,,,,,,,,,,,,,,,,,,,,,,,,,,,,,,,,,,,,,,,,,,,,,,,,,,,,,,,,,,,,,,,,,,,,
CMR,330062,904,688,1131,328614,908,464,0,1.684085256,0.004612506,0.003510403,0.005770735,1.676697082,0.004632916,0.002367481,0,177718,33225,,15005,133897,,87,10000,0.947385805,0.177117081,,0.079989219,0.713783169,,0.000463783,0.053308376,126861,0,0,0,126861,0,0,,0.722706906,0,0,0,0.722706906,0,0,,19598889,52.085,56.03993418,41.46070318,0.479,70.7,67.8,84,22480348401,1142.59177,2.844429317,267,7,85276,212696515,,,,,,,,,,,,,1.3,65,77.3,95.1,5.5,154,600,51,51,51,0.19,0,204,,,,2.961646676,6.73,30.36,55,12.2,39.9,38.91,51,51,0.19
CAN,,,,,,,,,,,,,,,,,,,,,,,,,,,,,,,,,,,,,,,,,,,,,,,,,,,,,,,,,,,,,,,,,,,,,,,,,,,,,,,,,,,,,,,,,,,,,,,,,,,,,
CPV,0,0,0,0,0,0,0,0,0,0,0,0,0,0,0,0,,,,,,,,,,,,,,,,,0,0,0,0,0,0,0,,0,0,0,0,0,0,0,,495999,62.5786,63.26650472,123.0766749,0.566,84.8,69.2,85.8,1659053271,3322.767263,6.792989078,391,,,,,,,,,,,,1137.827,,,,3.4,152,26.9,99.7,14.1,28,94,71,66,75,0.572,1,6048,,,,0.744416873,,,44.3,13.2,26.6,,66,75,0.572
CYM,,,,,,,,,,,,,,,,,,,,,,,,,,,,,,,,,,,,,,,,,,,,,,,,,,,,,,,,,,,,,,,,,,,,,,,,,,,,,,,,,,,,,,,,,,,,,,,,,,,,,
CAF,0,0,0,0,0,0,0,0,0,0,0,0,0,0,0,0,,,,,,,,,,,,,,,,,0,0,0,0,0,0,0,,0,0,0,0,0,0,0,,4401051,39.1006,55.92644077,7.06451411,0.339,55.2,33.5,64.8,1984747842,457.3941404,2.9,73,1,2772,3577772,,,,,,,,,,,,,1.4,20,60.7,95,31.5,171,850,48,49,48,0.08,0,1696,,,,0.136440977,3.37,80.09,69.4,49.6,62,56.3,49,48,0.08
TCD,0,0,0,0,0,0,0,0,0,0,0,0,0,0,0,0,,,,,,,,,,,,,,,,,0,0,0,0,0,0,0,,0,0,0,0,0,0,0,,11227208,21.8294,51.84511349,8.916143583,0.326,33.6,12.8,40.8,8540674846,675.8290361,0.54,137,1,14765,5995480,,,,,,,,,,,,,2.7,49,49.4,96.7,5.3,209,1200,48,47,48,0.04,2,33141,,,,0.025412961,6.26,83.28,58.6,24.6,55,39.78,47,48,0.04
CHL,496000,0,42000,290000,120000,290000,86000,0,2.898264828,0,0.245417586,1.69455,0.701193103,1.69455,0.502521724,0,,,,,,,,,,,,,,,,,,,,,,,,,,,,,,,,,17113688,89,68.78581742,22.34,0.802,98.649,95.6,95.8,2.16E+11,12431.03139,3.273761679,936,5,263756,1639740254,,,,,,,,,729.76,73.43,1293.17,,3.7,762,56,65.2,0,9,26,78.76270732,75.5,81.7,1.026,1,3051,,,,0.61463559,0.0426,2.72,12.9,15.5,15.1,52.06,75.5,81.7,1.026
CHN,,,,,,,,,,,,,,,,,,,,,,,,,,,,,,,,,,,,,,,,,,,,,,,,,,,,,,,,,,,,,,,,,,,,,,,,,,,,,,,,,,,,,,,,,,,,,,,,,,,,,
COL,7976751,968827,4190985,6673568,118405,2482583,215951,0,17.23032378,2.092732104,9.05281217,14.41536002,0.25576284,5.362547848,0.466468823,0,,,,,,,,,,,,,,,,,2559000,42000,2517000,2517000,0,0,0,,5.945554888,0.097582378,5.84797251,5.84797251,0,0,0,,46294841,75.1,65.857387,39.27,0.707,93.244,90.7,90.1,2.89E+11,6225.07784,4.580805804,4168,26,2281547,5212101435,,,,,,,,,1267.44,27.34,,,5.1,317,16.1,48.7,0.1,19,85,73.20997561,69.2,76.7,0.147,4,14482,,,,1.423163587,0.03,15.82,50.3,33,37.2,55.91,69.2,76.7,0.147
COM,19428,0,0,0,19428,0,0,0,2.644164682,0,0,0,2.644164682,0,0,0,9000,0,,0,9000,,0,0,1.291185222,0,,0,1.291185222,,0,0,3600,0,0,0,3600,0,0,,0.559898223,0,0,0,0.559898223,0,0,,734750,28.0686,54.66251248,395.0268817,0.431,74.2,49.3,63.6,541097578.7,736.4375815,1.323681533,85,3,11686,31131523,,,,,,,,,,,,,1.9,28,39.6,100,20.3,104,340,60,58,62,0.15,0,381,,,,32.25806452,2.55,64.98,48.7,34.5,44.8,64.3,58,62,0.15
COG,31703,0,31703,31703,31703,0,0,0,0.784165026,0,0.784165026,0.784165026,0.784165026,0,0,0,21146,2599,,18698,18547,,0,0,0.551202592,0.067746881,,0.487391756,0.483455711,,0,0,11000,0,0,0,11000,0,0,,0.31133453,0,0,0,0.31133453,0,0,,4042899,63.6494,55.83409908,11.83865007,0.282,,54.1,80.9,12007880067,2942.843871,5.267536038,423,1,1679,1744403,,,,,,,,,,,,,1.2,81,50.1,100,4.7,199,670,55,53,57,0.095,0,325,,,,0.175695461,4.96,74.4,57.7,,50.1,47.32,53,57,0.095
COK,,,,,,,,,,,,,,,,,,,,,,,,,,,,,,,,,,,,,,,,,,,,,,,,,,,,,,,,,,,,,,,,,,,,,,,,,,,,,,,,,,,,,,,,,,,,,,,,,,,,,
CRI,0,0,0,0,0,0,0,0,0,0,0,0,0,0,0,0,,,,,,,,,,,,,,,,,,,,,,,,,,,,,,,,,,,,,,,,,,,,,,,,,,,,,,,,,,,,,,,,,,,,,,,,,,,,,,,,,,,,,
CIV,74363,15747,50616,50616,8000,0,0,0,0.376754248,0.079780928,0.256441954,0.256441954,0.040531366,0,0,0,30644,5000,,350,25394,,0,0,0.161394579,0.026333798,,0.001843366,0.133744091,,0,0,0,0,0,0,0,0,0,,0,0,0,0,0,0,0,,19737800,51.2798,55.49804189,62.06855346,0.401,55.3,38.6,60.8,22920506112,1154.144866,2.297728488,282,18,56187,67338385,,,,,,,,,75.4437,,,95.11739,1,61,83.1,91,5.9,119,470,50,49,52,1.44,0,96,,,,13.52201258,5.6,46.34,54.2,29.4,42.7,41.5,49,52,1.44
HRV,,,,,,,,,,,,,,,,,,,,,,,,,,,,,,,,,,,,,,,,,,,,,,,,,,,,,,,,,,,,,,,,,,,,,,,,,,,,,,,,,,,,,,,,,,,,,,,,,,,,,
CUB,,,,,,,,,,,,,,,,,,,,,,,,,,,,,,,,,,,,,,,,,,,,,,,,,,,,,,,,,,,,,,,,,,,,,,,,,,,,,,,,,,,,,,,,,,,,,,,,,,,,,
CYP,,,,,,,,,,,,,,,,,,,,,,,,,,,,,,,,,,,,,,,,,,,,,,,,,,,,,,,,,,,,,,,,,,,,,,,,,,,,,,,,,,,,,,,,,,,,,,,,,,,,,
CZE,,,,,,,,,,,,,,,,,,,,,,,,,,,,,,,,,,,,,,,,,,,,,,,,,,,,,,,,,,,,,,,,,,,,,,,,,,,,,,,,,,,,,,,,,,,,,,,,,,,,,
PRK,,,,,,,,,,,,,,,,,,,,,,,,,,,,,,,,,,,,,,,,,,,,,,,,,,,,,,,,,,,,,,,,,,,,,,,,,,,,,,,,,,,,,,,,,,,,,,,,,,,,,
COD,208425,0,40,40,208385,0,0,0,0.315959203,0,6.06E-05,6.06E-05,0.315898565,0,0,0,150335,1000,,500,150335,,0,1500,0.240632634,0.001600643,,0.000800321,0.240632634,,0,0.002400964,304350,0,0,0,304350,0,0,,0.530036979,0,0,0,0.530036979,0,0,,65965795,34.279,51.33896319,29.09763569,0.528,66.8,54.1,80.9,13109525211,199.2717696,5.523441314,636,8,113898,69558092,,,,,,,,,,,,,1.7,13,45.8,85.5,18.8,128,580,49,47,51,0.11,0,2102,,,,0.330826404,5.47,95.15,75.7,61.5,71.3,44.43,47,51,0.11
DNK,,,,,,,,,,,,,,,,,,,,,,,,,,,,,,,,,,,,,,,,,,,,,,,,,,,,,,,,,,,,,,,,,,,,,,,,,,,,,,,,,,,,,,,,,,,,,,,,,,,,,
DJI,0,0,0,0,0,0,0,0,0,0,0,0,0,0,0,0,,,,,,,,,,,,,,,,,0,0,0,0,0,0,0,,0,0,0,0,0,0,0,,888716,77.08,61.20393877,38.33977567,0.427,,58.4,78,,1202.919901,4.773798597,,,,,,,,,,,,,,,,,5.5,80,23.5,98.6,33.1,94,300,60,58,62,0.229,6,82450,,,,,,,,,,,58,62,0.229
DMA,,,,,,,,,,,,,,,,,,,,,,,,,,,,,,,,,,,,,,,,,,,,,,,,,,,,,,,,,,,,,,,,,,,,,,,,,,,,,,,,,,,,,,,,,,,,,,,,,,,,,
DOM,253760,49643,123583,229981,64097,223939,28350,0,2.556178304,0.500064469,1.244877772,2.316647393,0.645662676,2.255785046,0.285575563,0,,,,,,,,,,,,,,,,,525,0,525,525,0,0,0,,0.005666935,0,0.005666935,0.005666935,0,0,0,,9927320,70.5,62.93436474,204.57,0.686,88.244,87.2,86.8,51576212063,5214.536979,7.121340879,3131,10,407570,644509950,,,,,,,,,,,,,1.9,261,62.9,66.3,1.6,32,100,72.96197561,69.9,75.4,,9,3480,,,,9.726821192,0.0467,9.88,53,28.6,34.4,47.2,69.9,75.4,
ECU,2637315,1235541,2254000,2385559,1574015,526559,486200,0,18.23271751,8.541744168,15.58272154,16.49223674,10.881738,3.640293821,3.361277379,0,,,,,,,,,,,,,,,,,551422,550000,0,0,1422,0,0,,4.106997541,4.096406468,0,0,0.010591073,0,0,,14464739,66.9,63.69448549,52.92,0.718,84.207,89.7,92.3,57978116000,4008.237964,3.594871066,2673,44,816170,2217140516,,,,,,,,,569.24,372.06,100.88,,2.3,231,54,87.3,1,24,140,75.30219512,72.1,78.1,1.687,1,3769,,,,5.431631503,0.0429,10.59,46.5,22.5,37.8,49.26,72.1,78.1,1.687
EGY,203327,203327,187955,368309,0,180354,0,0,0.250646327,0.250646327,0.231696875,0.454023804,0,0.22232693,0,0,142100,142100,,19000,0,,0,0,0.181427498,0.181427498,,0.024258427,0,,0,0,0,0,0,0,0,0,0,,0,0,0,0,0,0,0,,81121077,43.5386,63.55575945,81.49186499,0.644,66.4,59.4,83,2.19E+11,2698.365074,6.184139507,3637,,,,,,,,,,,,,,,,2.4,97,57.8,97.7,0.6,21,82,71,69,73,2.83,0,5,,,,0.808679492,9.24,15.43,30,10.6,22,30.77,69,73,2.83
SLV,129377,63513,112114,92592,12279,78071,12103,0,2.089086811,1.025562277,1.810336295,1.495109069,0.198272467,1.260634398,0.195430545,0,,,,,,,,,,,,,,,,,85989,20989,65000,65000,0,0,0,,1.421185278,0.346896205,1.074289073,1.074289073,0,0,0,,6192993,61.3,61.68002866,288.57,0.672,84.103,79.6,82.8,21427900000,3425.597284,1.463820988,3650,13,124753,368721258,,,,,,,,,825,23.35,,0.36,3.6,217,40.4,88.8,3.5,17,110,71.52060976,66.6,76.1,1.596,7,9436,,,,11.1003861,0.0371,16.94,70.5,33.3,51,48.33,66.6,76.1,1.596
GNQ,0,0,0,0,0,0,0,0,0,0,0,0,0,0,0,0,,,,,,,,,,,,,,,,,0,,0,,0,0,0,,,,,,,,,,700401,39.5122,58.08692441,24.96973262,0.534,93.3,80.5,93.4,14500472162,19997.8376,7.930059852,77,,,,,,,,,,,,,,,,1.7,545,22.8,80.9,2.7,145,280,53,53,54,0.3,,,,,,2.495543672,,,79.9,31.5,76.8,,53,54,0.3
ERI,0,0,0,0,0,0,0,0,0,0,0,0,0,0,0,0,,,,,,,,,,,,,,,,,0,0,0,0,0,0,0,,0,0,0,0,0,0,0,,5253676,21.363,55.92645256,52.01659406,0.345,66.6,47.6,69.9,2117008130,402.9574968,-0.649308331,411,,,,,,,,,,,,,,,,1.5,10,55.1,100,60.8,55,280,66,64,68,0.05,0,32492,,,,0.01980198,,,,,,,64,68,0.05
EST,,,,,,,,,,,,,,,,,,,,,,,,,,,,,,,,,,,,,,,,,,,,,,,,,,,,,,,,,,,,,,,,,,,,,,,,,,,,,,,,,,,,,,,,,,,,,,,,,,,,,
ETH,2154049,2138166,0,0,0,0,0,15883,2.596818468,2.577670683,0,0,0,0,0,0.019147785,1008292,1005092,,0,0,,0,3200,1.269147197,1.265119325,,0,0,,0,0.004027872,0,0,0,0,0,0,0,,0,0,0,0,0,0,0,,82949541,17.0184,55.81458433,82.949541,0.358,,35.1,50.3,29684016194,358.2540523,10.40162785,591,3,826132,176035296,,,,,,,,,93.59313,,0.0821646,50.35405,2.2,14,48.1,80,40.7,104,470,54,53,56,0.022,2,35049,,,,1.037,9.26,77.63,39.3,35.1,38.9,29.83,53,56,0.022
FJI,,,,,,,,,,,,,,,,,,,,,,,,,,,,,,,,,,,,,,,,,,,,,,,,,,,,,,,,,,,,,,,,,,,,,,,,,,,,,,,,,,,,,,,,,,,,,,,,,,,,,
FIN,,,,,,,,,,,,,,,,,,,,,,,,,,,,,,,,,,,,,,,,,,,,,,,,,,,,,,,,,,,,,,,,,,,,,,,,,,,,,,,,,,,,,,,,,,,,,,,,,,,,,
FRA,,,,,,,,,,,,,,,,,,,,,,,,,,,,,,,,,,,,,,,,,,,,,,,,,,,,,,,,,,,,,,,,,,,,,,,,,,,,,,,,,,,,,,,,,,,,,,,,,,,,,
GAB,0,0,0,0,0,0,0,0,0,0,0,0,0,0,0,0,,,,,,,,,,,,,,,,,2500,2500,0,0,0,0,0,,0.182384702,0.182384702,0,0,0,0,0,,1505463,86.1478,60.64905642,5.842601001,0.67,87.7,53.3,73.7,13199637410,8642.803705,2.661761113,60,,,,,,,,,,,,,,,,3,264,56.3,100,2.3,69,260,62,60,64,0.29,0,149,,,,0.582139946,6.16,19.59,44.6,29.8,32.7,41.45,60,64,0.29
GMB,8700,0,0,5700,8000,5700,0,0,0.503357452,0,0,0.329785917,0.462857427,0.329785917,0,0,,,,,,,,,,,,,,,,,0,0,0,0,0,0,0,,0,0,0,0,0,0,0,,1728394,57.2084,54.14573367,172.8394,0.418,46.5,32.8,47.8,1050158837,466.6319993,4.659121609,87,,,,,,,,,,,,283.2045,37.00396,,166.8304,2.6,27,51.9,48.4,38,103,400,60,58,61,0.038,1,4106,,,,0.5,4.79,55.93,73.9,32.7,48.4,47.28,58,61,0.038
GEO,,,,,,,,,,,,,,,,,,,,,,,,,,,,,,,,,,,,,,,,,,,,,,,,,,,,,,,,,,,,,,,,,,,,,,,,,,,,,,,,,,,,,,,,,,,,,,,,,,,,,
DEU,,,,,,,,,,,,,,,,,,,,,,,,,,,,,,,,,,,,,,,,,,,,,,,,,,,,,,,,,,,,,,,,,,,,,,,,,,,,,,,,,,,,,,,,,,,,,,,,,,,,,
GHA,1706449,523259,1640255,1666317,7734,78796,475852,3073,6.995987959,2.145223012,6.724610129,6.831457411,0.031707347,0.323042685,1.950866895,0.012598484,95110,71210,,65693,700,,43686,0,0.408825999,0.306092939,,0.282378366,0.003008918,,0.18778228,0,114300,109300,5000,5000,0,0,0,,0.528193275,0.505087707,0.023105568,0.023105568,0,0,0,,24391823,51.8684,57.72691455,107.1979564,0.533,66.6,49.8,66.4,32174576820,1283.45845,6.513604859,851,20,300878,224550128,,,,,,,,,332.6091,,,,4.3,55,50,78.8,14,69,350,60,57,64,0.085,1,2925,,,,12.3055287,5.24,51.84,39.2,10.8,28.5,42.76,57,64,0.085
GIB,,,,,,,,,,,,,,,,,,,,,,,,,,,,,,,,,,,,,,,,,,,,,,,,,,,,,,,,,,,,,,,,,,,,,,,,,,,,,,,,,,,,,,,,,,,,,,,,,,,,,
GRC,,,,,,,,,,,,,,,,,,,,,,,,,,,,,,,,,,,,,,,,,,,,,,,,,,,,,,,,,,,,,,,,,,,,,,,,,,,,,,,,,,,,,,,,,,,,,,,,,,,,,
GRD,,,,,,,,,,,,,,,,,,,,,,,,,,,,,,,,,,,,,,,,,,,,,,,,,,,,,,,,,,,,,,,,,,,,,,,,,,,,,,,,,,,,,,,,,,,,,,,,,,,,,
GTM,575658,20294,575658,575658,381749,555628,0,0,4.000700817,0.141038989,4.000700817,4.000700817,2.653074457,3.861496571,0,0,,,,,,,,,,,,,,,,,218600,0,218000,218000,0,218000,600,,1.718938058,0,1.714220021,1.714220021,0,1.714220021,0.004718037,,14388929,49.5,54.50264804,126.96,0.573,74.47,63.3,75.4,41340507361,2862.36698,3.659044393,4377,18,363421,196070062,,,,,,,,,1139.58,,,,2.1,184,64.3,89.3,1.8,40,110,70.58463415,66.7,73.8,,14,26888,,,,8.818589026,0.0308,39.56,0,30,60,55.89,66.7,73.8,
GIN,32221,0,0,0,32221,0,0,0,0.322804283,0,0,0,0.322804283,0,0,0,136146,0,,0,136146,,0,0,1.424253932,0,,0,1.424253932,,0,0,14071,0,0,0,14071,0,0,,0.155627727,0,0,0,0.155627727,0,0,,9981590,35.456,53.9532063,40.62180531,0.342,39.5,18.1,42.6,4735882580,451.8909178,2.168676532,286,1,6529,3141691,,,,,,,,,,,,,0.6,21,86.4,99.4,10.1,142,680,52,49,55,0.1,0,3355,,,,2.808074231,6.35,69.59,63,30.5,53,39.35,49,55,0.1
GNB,0,0,0,0,0,0,0,0,0,0,0,0,0,0,0,0,,,,,,,,,,,,,,,,,0,0,0,0,0,0,0,,0,0,0,0,0,0,0,,1515224,43.8974,55.56265146,53.88421053,0.351,52.2,27.4,58.1,835390893,579.793913,3.005672341,,,,,,,,,,,,,5.813542,,,,1.6,26,82.3,71.7,52.5,193,1000,49,47,51,0.045,0,12575,,,,8.890469417,,,59.9,,,,47,51,0.045
GUY,,,,,,,,,,,,,,,,,,,,,,,,,,,,,,,,,,,,,,,,,,,,,,,,,,,,,,,,,,,,,,,,,,,,,,,,,,,,,,,,,,,,,,,,,,,,,,,,,,,,,
HTI,71773,58773,13000,13000,0,0,58773,0,0.718215011,0.588127162,0.130087848,0.130087848,0,0,0.588127162,0,,,,,,,,,,,,,,,,,0,0,0,0,0,0,0,,0,0,0,0,0,0,0,,9993247,49.6,60.04647866,350.27,0.499,48.685,51.2,54.8,6634579143,671.4268953,0.854704844,2057,3,65498,55953770,,,,,,,,,,,,,1.2,40,77.9,60.8,34.7,87,300,61.43468293,59.9,62,,66,12565,,,,10.88534107,,0,65.4,0,9.9,,59.9,62,
VAT,,,,,,,,,,,,,,,,,,,,,,,,,,,,,,,,,,,,,,,,,,,,,,,,,,,,,,,,,,,,,,,,,,,,,,,,,,,,,,,,,,,,,,,,,,,,,,,,,,,,,
HND,50693,10233,50693,50693,10233,10233,0,0,0.666967172,0.134635454,0.666967172,0.666967172,0.134635454,0.134635454,0,0,,,,,,,,,,,,,,,,,0,0,0,0,0,0,0,,0,0,0,0,0,0,0,,7600524,48.8,59.45331636,72.65,0.623,83.589,80.2,79.8,15343558028,2026.218134,3.525941262,2862,20,177545,234250336,,,,,,,,,758.02,,31.58,,4.1,121,41.4,83.4,10.4,30,110,72.532,69.7,74.5,,4,13628,,,,3.664313165,0.0202,29.84,25.1,54.3,51.3,56.95,69.7,74.5,
HKG,,,,,,,,,,,,,,,,,,,,,,,,,,,,,,,,,,,,,,,,,,,,,,,,,,,,,,,,,,,,,,,,,,,,,,,,,,,,,,,,,,,,,,,,,,,,,,,,,,,,,
HUN,,,,,,,,,,,,,,,,,,,,,,,,,,,,,,,,,,,,,,,,,,,,,,,,,,,,,,,,,,,,,,,,,,,,,,,,,,,,,,,,,,,,,,,,,,,,,,,,,,,,,
ISL,,,,,,,,,,,,,,,,,,,,,,,,,,,,,,,,,,,,,,,,,,,,,,,,,,,,,,,,,,,,,,,,,,,,,,,,,,,,,,,,,,,,,,,,,,,,,,,,,,,,,
IND,,,,,,,,,,,,,,,,,,,,,,,,,,,,,,,,,,,,,,,,,,,,,,,,,,,,,,,,,,,,,,,,,,,,,,,,,,,,,,,,,,,,,,,,,,,,,,,,,,,,,
IDN,,,,,,,,,,,,,,,,,,,,,,,,,,,,,,,,,,,,,,,,,,,,,,,,,,,,,,,,,,,,,,,,,,,,,,,,,,,,,,,,,,,,,,,,,,,,,,,,,,,,,
IRN,,,,,,,,,,,,,,,,,,,,,,,,,,,,,,,,,,,,,,,,,,,,,,,,,,,,,,,,,,,,,,,,,,,,,,,,,,,,,,,,,,,,,,,,,,,,,,,,,,,,,
IRQ,,,,,,,,,,,,,,,,,,,,,,,,,,,,,,,,,,,,,,,,,,,,,,,,,,,,,,,,,,,,,,,,,,,,,,,,,,,,,,,,,,,,,,,,,,,,,,,,,,,,,
IRL,,,,,,,,,,,,,,,,,,,,,,,,,,,,,,,,,,,,,,,,,,,,,,,,,,,,,,,,,,,,,,,,,,,,,,,,,,,,,,,,,,,,,,,,,,,,,,,,,,,,,
ISR,,,,,,,,,,,,,,,,,,,,,,,,,,,,,,,,,,,,,,,,,,,,,,,,,,,,,,,,,,,,,,,,,,,,,,,,,,,,,,,,,,,,,,,,,,,,,,,,,,,,,
ITA,,,,,,,,,,,,,,,,,,,,,,,,,,,,,,,,,,,,,,,,,,,,,,,,,,,,,,,,,,,,,,,,,,,,,,,,,,,,,,,,,,,,,,,,,,,,,,,,,,,,,
JAM,566000,0,0,566000,0,566000,0,0,20.94512082,0,0,20.94512082,0,20.94512082,0,0,,,,,,,,,,,,,,,,,0,0,0,0,0,0,0,,0,0,0,0,0,0,0,,2702300,53.7,63.66534195,260.98,0.726,86.361,91.6,84.1,13872093023,5274.036851,-0.009834374,2025,1,13895,9041762,,,,,,,,,,982.43,,,2.4,256,49.6,71,1.5,31,89,72.59465854,69.6,75,0.85,3,15757,,,,9.233610342,,8.5,23,10.6,46.2,,69.6,75,0.85
JPN,,,,,,,,,,,,,,,,,,,,,,,,,,,,,,,,,,,,,,,,,,,,,,,,,,,,,,,,,,,,,,,,,,,,,,,,,,,,,,,,,,,,,,,,,,,,,,,,,,,,,
JOR,,,,,,,,,,,,,,,,,,,,,,,,,,,,,,,,,,,,,,,,,,,,,,,,,,,,,,,,,,,,,,,,,,,,,,,,,,,,,,,,,,,,,,,,,,,,,,,,,,,,,
KAZ,,,,,,,,,,,,,,,,,,,,,,,,,,,,,,,,,,,,,,,,,,,,,,,,,,,,,,,,,,,,,,,,,,,,,,,,,,,,,,,,,,,,,,,,,,,,,,,,,,,,,
KEN,1292286,942677,473988,476442,266378,204550,122907,23523,3.189830779,2.326868905,1.16997438,1.176031742,0.657517564,0.504903625,0.303379075,0.0580633,1102317,780725,,112147,483555,,90000,0,2.866480349,2.030208071,,0.291628607,1.257443099,,0.234037243,0,0,0,0,0,0,0,0,,0,0,0,0,0,0,0,,40512682,23.9842,54.90302761,71.18227853,0.505,87,79.7,90.6,32198151217,775.2790328,4.554292883,796,19,1138766,1710089143,,,,,,,,,381.6241,,,7.995184,2,21,63.7,77.2,26.8,84,530,60,58,62,0.14,2,27446,,,,1.142074006,4.84,67.21,69.1,33.7,45.9,47.68,58,62,0.14
KIR,,,,,,,,,,,,,,,,,,,,,,,,,,,,,,,,,,,,,,,,,,,,,,,,,,,,,,,,,,,,,,,,,,,,,,,,,,,,,,,,,,,,,,,,,,,,,,,,,,,,,
KWT,,,,,,,,,,,,,,,,,,,,,,,,,,,,,,,,,,,,,,,,,,,,,,,,,,,,,,,,,,,,,,,,,,,,,,,,,,,,,,,,,,,,,,,,,,,,,,,,,,,,,
KGZ,,,,,,,,,,,,,,,,,,,,,,,,,,,,,,,,,,,,,,,,,,,,,,,,,,,,,,,,,,,,,,,,,,,,,,,,,,,,,,,,,,,,,,,,,,,,,,,,,,,,,
LAO,,,,,,,,,,,,,,,,,,,,,,,,,,,,,,,,,,,,,,,,,,,,,,,,,,,,,,,,,,,,,,,,,,,,,,,,,,,,,,,,,,,,,,,,,,,,,,,,,,,,,
LVA,,,,,,,,,,,,,,,,,,,,,,,,,,,,,,,,,,,,,,,,,,,,,,,,,,,,,,,,,,,,,,,,,,,,,,,,,,,,,,,,,,,,,,,,,,,,,,,,,,,,,
LBN,,,,,,,,,,,,,,,,,,,,,,,,,,,,,,,,,,,,,,,,,,,,,,,,,,,,,,,,,,,,,,,,,,,,,,,,,,,,,,,,,,,,,,,,,,,,,,,,,,,,,
LSO,0,0,0,0,0,0,0,0,0,0,0,0,0,0,0,0,,,,,,,,,,,,,,,,,0,0,0,0,0,0,0,,0,0,0,0,0,0,0,,2171318,27.5738,58.76079499,71.51903821,0.446,89.7,94.5,74.5,2179350967,982.1203346,4.040225687,355,,,,,,,,,,,,254.4147,,64.95679,,3.6,60,36.7,68.9,19.3,84,530,48,46,50,0.05,0,45203,,,,0.131752306,2.97,62.25,60.5,41.5,56.6,52.5,46,50,0.05
LBR,0,0,0,0,0,0,0,0,0,0,0,0,0,0,0,0,,,,,,,,,,,,,,,,,,,,,,,,,,,,,,,,,3994122,48.1822,53.75090952,41.46721346,0.325,59.1,41.6,73.3,987900000,246.9132374,6.880559834,163,1,25814,3686059,,,,,,,,,102.0773,,,,2.8,26,67,52.2,47,112,990,56,54,57,0.014,0,924,,,,2.180232558,6.44,94.88,67.7,55.1,63.8,38.16,54,57,0.014
LBY,15,0,0,15,0,15,15,0,0.00023603,0,0,0.00023603,0,0.00023603,0.00023603,0,,,,,,,,,,,,,,,,,,,,,,,,,,,,,,,,,6355112,77.735,64.94694657,3.611803085,0.77,88.9,72,92.4,,9957.490406,5.54,134,,,,,,,,,,,,,,,,1.9,458,29.7,100,0.1,19,64,72,70,75,1.9,,,,,,0.170499108,,,,,,,70,75,1.9
LIE,,,,,,,,,,,,,,,,,,,,,,,,,,,,,,,,,,,,,,,,,,,,,,,,,,,,,,,,,,,,,,,,,,,,,,,,,,,,,,,,,,,,,,,,,,,,,,,,,,,,,
LTU,,,,,,,,,,,,,,,,,,,,,,,,,,,,,,,,,,,,,,,,,,,,,,,,,,,,,,,,,,,,,,,,,,,,,,,,,,,,,,,,,,,,,,,,,,,,,,,,,,,,,
LUX,,,,,,,,,,,,,,,,,,,,,,,,,,,,,,,,,,,,,,,,,,,,,,,,,,,,,,,,,,,,,,,,,,,,,,,,,,,,,,,,,,,,,,,,,,,,,,,,,,,,,
MAC,,,,,,,,,,,,,,,,,,,,,,,,,,,,,,,,,,,,,,,,,,,,,,,,,,,,,,,,,,,,,,,,,,,,,,,,,,,,,,,,,,,,,,,,,,,,,,,,,,,,,
MDG,17260,17260,0,0,0,0,0,0,0.083326015,0.083326015,0,0,0,0,0,0,2000,2000,,0,0,,0,0,0.010232125,0.010232125,,0,0,,0,0,937,937,0,0,0,0,0,,0.005238744,0.005238744,0,0,0,0,0,,20713819,32.5684,54.11642225,35.6189067,0.481,64.5,62.5,75.5,8720543554,421.0012434,3.075821143,316,7,111971,73122230,,,,,,,,,,,,33.29445,2.7,22,29.8,67.6,16.1,58,440,65,63,67,0.161,5,17121,,,,1.031743302,5.41,92.62,73.5,52,68.7,44.11,63,67,0.161
MWI,249674,249674,170138,170138,50798,0,53536,0,1.675569855,1.675569855,1.141801325,1.141801325,0.340906933,0,0.359281735,0,186521,143668,,174521,34815,,12000,4800,1.331806462,1.025825354,,1.246123469,0.248587784,,0.085682993,0.034273197,112000,56000,56000,56000,0,0,0,,0.873458687,0.436729343,0.436729343,0.436729343,0,0,0,,14900841,15.6956,51.06931393,158.0488014,0.395,73.7,49.8,76.1,5054150506,342.6828732,7.36,102,3,123324,27696107,,,,,,,,,163.435,12.13443,,,5.9,18,39.4,30.1,88.9,110,510,47,44,51,0.019,4,64924,,,,1.294017819,7.01,90.45,55.9,25.4,52.4,39.02,44,51,0.019
MYS,,,,,,,,,,,,,,,,,,,,,,,,,,,,,,,,,,,,,,,,,,,,,,,,,,,,,,,,,,,,,,,,,,,,,,,,,,,,,,,,,,,,,,,,,,,,,,,,,,,,,
MDV,,,,,,,,,,,,,,,,,,,,,,,,,,,,,,,,,,,,,,,,,,,,,,,,,,,,,,,,,,,,,,,,,,,,,,,,,,,,,,,,,,,,,,,,,,,,,,,,,,,,,
MLI,111562,62912,0,0,48483,0,0,167,0.72585157,0.409321938,0,0,0.315443087,0,0,0.001086546,131559,83775,,0,47784,,0,0,0.909813907,0.579357247,,0,0.33045666,,0,0,75212,0,0,0,75212,0,0,,0.570797932,0,0,0,0.570797932,0,0,,15369809,34.9258,50.71782406,12.59624239,0.356,26.2,39.6,53.5,9422377319,601.9195565,4.72,739,8,184384,74507024,,,,,,,,,116.0216,,,107.1084,2.9,39,52.9,99.5,22.2,191,830,53,50,56,0.049,0,11678,,,,0.08195445,7.97,78.66,50.6,25.5,47.4,33.02,50,56,0.049
MLT,,,,,,,,,,,,,,,,,,,,,,,,,,,,,,,,,,,,,,,,,,,,,,,,,,,,,,,,,,,,,,,,,,,,,,,,,,,,,,,,,,,,,,,,,,,,,,,,,,,,,
MHL,,,,,,,,,,,,,,,,,,,,,,,,,,,,,,,,,,,,,,,,,,,,,,,,,,,,,,,,,,,,,,,,,,,,,,,,,,,,,,,,,,,,,,,,,,,,,,,,,,,,,
MRT,5623,0,0,0,5623,0,0,0,0.162525114,0,0,0,0.162525114,0,0,0,12681,100,,130,12681,,0,0,0.38482618,0.00303466,,0.00394507,0.38482618,,0,0,3000,0,0,0,3000,0,0,,0.098449454,0,0,0,0.098449454,0,0,,3459773,41.51,57.6405864,3.356721645,0.451,57.5,43.4,59.5,3613898829,1051.021826,4.19907288,103,,,,,,,,,,,,,,,,1.6,27,38.6,100,27.4,117,550,58,57,60,0.13,1,41693,,,,0.010672359,6.02,47.69,59.4,20.8,42,40.46,57,60,0.13
MUS,78150,78150,78150,78150,78150,78150,0,0,6.101064544,6.101064544,6.101064544,6.101064544,6.101064544,6.101064544,0,0,,,,,,,,,,,,,,,,,,,,,,,,,,,,,,,,,1280924,41.7974,71.44827375,630.9970443,0.726,87.9,80.5,88.4,9714391397,7593.367875,4.482312091,356,,,,,,,,,,,,2109.039,,,,2,402,65.2,88.7,2,17,36,73,69,76,1.06,0,81,,,,1.97044335,,,,,,,69,76,1.06
MEX,14731412,8770320,13943492,13981412,3605658,5338931,0,0,12.9880235,7.73239675,12.29334987,12.32678223,3.178946515,4.707095375,0,0,,,,,,,,,,,,,,,,,,,,,,,,,,,,,,,,,113423047,77.8,64.82202078,57.89,0.767,93.442,85.3,86.9,1.04E+12,9123.405857,1.773089473,22731,52,5975311,1962828814,,,,,,,,,1096.76,7.24,63.2,30.24,2.7,588,53.1,92.9,0,17,85,76.46556098,73.7,78.6,1.959,1,7097,,,,1.388924612,0.0473,5.19,60.8,45.5,32.7,48.28,73.7,78.6,1.959
FSM,,,,,,,,,,,,,,,,,,,,,,,,,,,,,,,,,,,,,,,,,,,,,,,,,,,,,,,,,,,,,,,,,,,,,,,,,,,,,,,,,,,,,,,,,,,,,,,,,,,,,
MCO,,,,,,,,,,,,,,,,,,,,,,,,,,,,,,,,,,,,,,,,,,,,,,,,,,,,,,,,,,,,,,,,,,,,,,,,,,,,,,,,,,,,,,,,,,,,,,,,,,,,,
MNG,,,,,,,,,,,,,,,,,,,,,,,,,,,,,,,,,,,,,,,,,,,,,,,,,,,,,,,,,,,,,,,,,,,,,,,,,,,,,,,,,,,,,,,,,,,,,,,,,,,,,
MNE,,,,,,,,,,,,,,,,,,,,,,,,,,,,,,,,,,,,,,,,,,,,,,,,,,,,,,,,,,,,,,,,,,,,,,,,,,,,,,,,,,,,,,,,,,,,,,,,,,,,,
MSR,,,,,,,,,,,,,,,,,,,,,,,,,,,,,,,,,,,,,,,,,,,,,,,,,,,,,,,,,,,,,,,,,,,,,,,,,,,,,,,,,,,,,,,,,,,,,,,,,,,,,
MAR,20000,0,0,0,0,0,0,20000,0.062595043,0,0,0,0,0,0,0.062595043,8540,0,,0,0,,0,8540,0.027265657,0,,0,0,,0,0.027265657,0,0,0,0,0,0,0,,0,0,0,0,0,0,0,,31951412,57.041,66.79777224,71.59178131,0.579,56.1,39.6,65.7,90802867575,2795.542399,4.897785889,6116,,,,,,,,,,,,265.2785,112.3551,34.50441,,1.7,149,63.7,86.3,0.2,38,110,73,71,75,0.62,1,419,,,,2.240645306,6.52,14.03,14.5,4.8,9,40.88,71,75,0.62
MOZ,53536,53536,0,0,0,0,0,0,0.228876653,0.228876653,0,0,0,0,0,0,,,,,,,,,,,,,,,,,0,0,0,0,0,0,0,,0,0,0,0,0,0,0,,23390765,31.2156,52.73873357,29.74486253,0.317,55.1,32.7,63.5,9209366611,409.8277901,7.288344124,565,7,44931,22297283,,,,,,,,,140.502,,,,3.5,21,24.8,28.2,80.8,142,550,49,47,51,0.027,1,25059,,,,0.31791246,5.23,81.77,56.9,49.6,54.7,45.66,47,51,0.027
MMR,,,,,,,,,,,,,,,,,,,,,,,,,,,,,,,,,,,,,,,,,,,,,,,,,,,,,,,,,,,,,,,,,,,,,,,,,,,,,,,,,,,,,,,,,,,,,,,,,,,,,
NAM,1275109,0,1201000,1204866,13688,4866,0,0,55.84527408,0,52.59956142,52.76887858,0.599486092,0.213113627,0,0,141969,17709,,91969,54479,,0,50000,6.451898772,0.80480017,,4.179607366,2.47584327,,0,2.272291406,0,0,0,0,0,0,0,,0,0,0,0,0,0,0,,2283289,38.3908,60.32643633,2.773371473,0.622,88.5,83.5,86.8,11133250765,5330.175866,4.369063246,,1,,2764984,,,,,,,,,757.6134,,,,3.2,284,45.4,17.9,21.4,48,180,57,53,62,0.374,7,40481,,,,0.009717111,3.15,51.1,49,17,38,63.9,53,62,0.374
NRU,,,,,,,,,,,,,,,,,,,,,,,,,,,,,,,,,,,,,,,,,,,,,,,,,,,,,,,,,,,,,,,,,,,,,,,,,,,,,,,,,,,,,,,,,,,,,,,,,,,,,
NPL,,,,,,,,,,,,,,,,,,,,,,,,,,,,,,,,,,,,,,,,,,,,,,,,,,,,,,,,,,,,,,,,,,,,,,,,,,,,,,,,,,,,,,,,,,,,,,,,,,,,,
NLD,,,,,,,,,,,,,,,,,,,,,,,,,,,,,,,,,,,,,,,,,,,,,,,,,,,,,,,,,,,,,,,,,,,,,,,,,,,,,,,,,,,,,,,,,,,,,,,,,,,,,
ANT,,,,,,,,,,,,,,,,,,,,,,,,,,,,,,,,,,,,,,,,,,,,,,,,,,,,,,,,,,,,,,,,,,,,,,,,,,,,,,,,,,,,,,,,,,,,,,,,,,,,,
NZL,,,,,,,,,,,,,,,,,,,,,,,,,,,,,,,,,,,,,,,,,,,,,,,,,,,,,,,,,,,,,,,,,,,,,,,,,,,,,,,,,,,,,,,,,,,,,,,,,,,,,
NIC,120904,78256,118247,118247,602,99997,0,0,2.088814707,1.352000626,2.042910678,2.042910678,0.010400536,1.727612025,0,0,,,,,,,,,,,,,,,,,29035,0,29035,29035,0,0,0,,0.535272889,0,0.535272889,0.535272889,0,0,0,,5788163,57.3,61.48074817,43.46,0.587,78.003,67.8,67.2,6590593827,1131.824114,3.679408958,1053,22,302582,272883574,,,,,,,,,,,,,4.5,105,45.4,92.2,10.3,26,100,73.43443902,69.9,76.1,0.37,7,11487,,,,1.911251454,0.0622,0,67.9,29.1,31.3,,69.9,76.1,0.37
NER,250,0,0,250,250,250,0,0,0.00161166,0,0,0.00161166,0.00161166,0.00161166,0,0,2370,0,,0,2370,,0,0,0.016401376,0,,0,0.016401376,,0,0,0,0,0,0,0,0,0,,0,0,0,0,0,0,0,,15511953,17.8684,48.85063108,12.24595642,0.293,,15.1,42.9,5410507420,357.7121526,5.101133603,205,3,72149,15817397,,,,,,,,,25.07494,,,26.83195,2.8,21,42.3,96.2,26.3,160,820,57,57,58,0.019,0,96596,,,,0.047367175,8.09,75.23,63.9,36.7,59.5,34.55,57,58,0.019
NGA,1079789,1300,983271,983271,95218,0,0,0,0.681585224,0.000820587,0.62066106,0.62066106,0.060103578,0,0,0,106992,24000,,35000,61992,,0,0,0.071012831,0.015929303,,0.023230233,0.041145389,,0,0,2725,0,2725,2725,0,0,0,,0.001948888,0,0.001948888,0.001948888,0,0,0,,158423182,49.6152,53.78968285,173.9442252,0.454,60.8,60.6,75.7,1.97E+11,1222.477264,6.699965621,5397,39,977297,185567988,,,,,,,,,461.2101,,,34.00324,1.7,73,63.3,95.4,4.6,138,840,54,53,54,0.395,0,1295,,,,3.293916137,4.41,84.49,63.8,43.1,54.7,48.83,53,54,0.395
NIU,,,,,,,,,,,,,,,,,,,,,,,,,,,,,,,,,,,,,,,,,,,,,,,,,,,,,,,,,,,,,,,,,,,,,,,,,,,,,,,,,,,,,,,,,,,,,,,,,,,,,
NOR,,,,,,,,,,,,,,,,,,,,,,,,,,,,,,,,,,,,,,,,,,,,,,,,,,,,,,,,,,,,,,,,,,,,,,,,,,,,,,,,,,,,,,,,,,,,,,,,,,,,,
OMN,,,,,,,,,,,,,,,,,,,,,,,,,,,,,,,,,,,,,,,,,,,,,,,,,,,,,,,,,,,,,,,,,,,,,,,,,,,,,,,,,,,,,,,,,,,,,,,,,,,,,
PAK,,,,,,,,,,,,,,,,,,,,,,,,,,,,,,,,,,,,,,,,,,,,,,,,,,,,,,,,,,,,,,,,,,,,,,,,,,,,,,,,,,,,,,,,,,,,,,,,,,,,,
PLW,,,,,,,,,,,,,,,,,,,,,,,,,,,,,,,,,,,,,,,,,,,,,,,,,,,,,,,,,,,,,,,,,,,,,,,,,,,,,,,,,,,,,,,,,,,,,,,,,,,,,
PSE,,,,,,,,,,,,,,,,,,,,,,,,,,,,,,,,,,,,,,,,,,,,,,,,,,,,,,,,,,,,,,,,,,,,,,,,,,,,,,,,,,,,,,,,,,,,,,,,,,,,,
PAN,63569,10069,53745,53745,50000,53745,0,0,1.807570476,0.286309791,1.528227205,1.528227205,1.421738957,1.528227205,0,0,,,,,,,,,,,,,,,,,62000,40000,22000,22000,0,0,0,,1.914572397,1.235207998,0.679364399,0.679364399,0,0,0,,3516820,74.8,64.62403764,45.88,0.765,93.611,91.2,92.5,26777100000,7588.893935,7.719586015,592,3,14866,22136530,,,,,,,,,411.92,,351.35,5.5,4.3,493,30.7,83.5,0.2,23,71,75.8012439,73,78.2,,2,3612,,,,1.97740113,0.033,13.8,59.8,17.7,31.3,51.92,73,78.2,
PNG,,,,,,,,,,,,,,,,,,,,,,,,,,,,,,,,,,,,,,,,,,,,,,,,,,,,,,,,,,,,,,,,,,,,,,,,,,,,,,,,,,,,,,,,,,,,,,,,,,,,,
PRY,53505,7,53505,53505,0,53302,149,142,0.828950377,0.000108451,0.828950377,0.828950377,0,0.825805308,0.00230845,0,,,,,,,,,,,,,,,,,42000,42000,0,0,0,0,0,,0.712128015,0.712128015,0,0,0,0,0,,6454548,61.5,61.66656187,15.88,0.662,94.558,93,94.9,18331385476,2840.349596,5.621999156,789,6,500660,986204462,,,,,,,,,108.74,,,,2.4,161,59.9,88.2,1.6,23,95,72.06831707,69.7,73.9,1.11,0,7307,,,,0.251698968,0.0326,13.22,48.9,24.7,31.3,52.42,69.7,73.9,1.11
PER,5283286,4094708,1210872,3482574,205294,3226469,0,0,18.1702881,14.08252819,4.164433478,11.97727568,0.706047548,11.09647883,0,0,,,,,,,,,,,,,,,,,4091292,3846838,241295,241295,34454,0,0,,14.84569939,13.95867138,0.875565233,0.875565233,0.125020098,0,0,,29076512,71.6,64.24074122,22.76,0.721,89.591,89.4,96.4,1.54E+11,5401.370135,7.213918239,2697,59,3636903,8767290355,,,,,,,,,783.37,,242.89,84.88,2.5,200,40.6,75.4,0.8,21,98,73.54307317,70.6,75.9,0.92,6,20752,,,,0.6171875,0.0391,12.74,48.9,19.1,28.5,48.14,70.6,75.9,0.92
PHL,,,,,,,,,,,,,,,,,,,,,,,,,,,,,,,,,,,,,,,,,,,,,,,,,,,,,,,,,,,,,,,,,,,,,,,,,,,,,,,,,,,,,,,,,,,,,,,,,,,,,
POL,,,,,,,,,,,,,,,,,,,,,,,,,,,,,,,,,,,,,,,,,,,,,,,,,,,,,,,,,,,,,,,,,,,,,,,,,,,,,,,,,,,,,,,,,,,,,,,,,,,,,
PRT,,,,,,,,,,,,,,,,,,,,,,,,,,,,,,,,,,,,,,,,,,,,,,,,,,,,,,,,,,,,,,,,,,,,,,,,,,,,,,,,,,,,,,,,,,,,,,,,,,,,,
QAT,,,,,,,,,,,,,,,,,,,,,,,,,,,,,,,,,,,,,,,,,,,,,,,,,,,,,,,,,,,,,,,,,,,,,,,,,,,,,,,,,,,,,,,,,,,,,,,,,,,,,
KOR,,,,,,,,,,,,,,,,,,,,,,,,,,,,,,,,,,,,,,,,,,,,,,,,,,,,,,,,,,,,,,,,,,,,,,,,,,,,,,,,,,,,,,,,,,,,,,,,,,,,,
MDA,,,,,,,,,,,,,,,,,,,,,,,,,,,,,,,,,,,,,,,,,,,,,,,,,,,,,,,,,,,,,,,,,,,,,,,,,,,,,,,,,,,,,,,,,,,,,,,,,,,,,
ROU,,,,,,,,,,,,,,,,,,,,,,,,,,,,,,,,,,,,,,,,,,,,,,,,,,,,,,,,,,,,,,,,,,,,,,,,,,,,,,,,,,,,,,,,,,,,,,,,,,,,,
RUS,,,,,,,,,,,,,,,,,,,,,,,,,,,,,,,,,,,,,,,,,,,,,,,,,,,,,,,,,,,,,,,,,,,,,,,,,,,,,,,,,,,,,,,,,,,,,,,,,,,,,
RWA,13000,6000,6000,6000,0,0,0,7000,0.1223644,0.056475877,0.056475877,0.056475877,0,0,0,0.065888523,,,,,,,,,,,,,,,,,284000,0,0,0,284000,0,0,,3.086377155,0,0,0,3.086377155,0,0,,10624005,19.1192,54.55332345,430.6447102,0.425,70.7,64.7,76.3,5624294585,529.712418,7.5,149,12,79451,35557503,,,,,,,,,226.1456,,,,4.9,45,52.2,44.4,42.6,111,540,59,57,60,0.024,1,9919,,,,11.34981759,5.16,82.37,48.7,22.1,44.9,53.09,57,60,0.024
KNA,,,,,,,,,,,,,,,,,,,,,,,,,,,,,,,,,,,,,,,,,,,,,,,,,,,,,,,,,,,,,,,,,,,,,,,,,,,,,,,,,,,,,,,,,,,,,,,,,,,,,
LCA,,,,,,,,,,,,,,,,,,,,,,,,,,,,,,,,,,,,,,,,,,,,,,,,,,,,,,,,,,,,,,,,,,,,,,,,,,,,,,,,,,,,,,,,,,,,,,,,,,,,,
VCT,,,,,,,,,,,,,,,,,,,,,,,,,,,,,,,,,,,,,,,,,,,,,,,,,,,,,,,,,,,,,,,,,,,,,,,,,,,,,,,,,,,,,,,,,,,,,,,,,,,,,
WSM,,,,,,,,,,,,,,,,,,,,,,,,,,,,,,,,,,,,,,,,,,,,,,,,,,,,,,,,,,,,,,,,,,,,,,,,,,,,,,,,,,,,,,,,,,,,,,,,,,,,,
SMR,,,,,,,,,,,,,,,,,,,,,,,,,,,,,,,,,,,,,,,,,,,,,,,,,,,,,,,,,,,,,,,,,,,,,,,,,,,,,,,,,,,,,,,,,,,,,,,,,,,,,
STP,,,,,,,,,,,,,,,,,,,,,,,,,,,,,,,,,,,,,,,,,,,,,,,,,,,,,,,,,,,,,,,,,,,,,,,,,,,,,,,,,,,,,,,,,,,,,,,,,,,,,
SAU,,,,,,,,,,,,,,,,,,,,,,,,,,,,,,,,,,,,,,,,,,,,,,,,,,,,,,,,,,,,,,,,,,,,,,,,,,,,,,,,,,,,,,,,,,,,,,,,,,,,,
SEN,744045,134803,0,0,609182,0,0,60,5.984086189,1.08417202,0,0,4.899431611,0,0,0.000482558,346764,91423,,0,266351,,0,0,2.941888364,0.775617596,,0,2.259677786,,0,0,616604,0,40604,40604,576000,0,0,,5.67153438,0,0.373476302,0.373476302,5.298058078,0,0,,12433728,42.5598,54.10566927,64.58073028,0.457,49.7,29.2,51.5,12855297513,1041.845526,3.420207277,667,16,350297,400863292,,,,,,,,,109.3492,,,96.71864,3.2,62,44.6,78.5,11.4,93,410,62,60,63,0.059,0,7377,,,,0.285669766,6.22,60.36,61.9,35.1,50.8,39.19,60,63,0.059
SRB,,,,,,,,,,,,,,,,,,,,,,,,,,,,,,,,,,,,,,,,,,,,,,,,,,,,,,,,,,,,,,,,,,,,,,,,,,,,,,,,,,,,,,,,,,,,,,,,,,,,,
SYC,0,0,0,0,0,0,0,0,0,0,0,0,0,0,0,0,4000,0,,4000,0,,4000,0,4.6000276,0,,4.6000276,0,,4.6000276,0,,,,,,,,,,,,,,,,,86525,53.6236,,188.0978261,0.771,91.8,92.3,91.4,963006565.5,10824.72366,4.719812293,,,,,,,,,,,,,,,,,3.6,459,25.2,30.9,1.6,12,,73,69,77,1.51,0,7860,,,,4.347826087,3.71,1.84,,,,65.77,69,77,1.51
SLE,1210,1210,1210,1210,0,0,1210,0,0.020621944,0.020621944,0.020621944,0.020621944,0,0,0.020621944,0,,,,,,,,,,,,,,,,,0,0,0,0,0,0,0,,0,0,0,0,0,0,0,,5867536,39.2558,55.24813976,81.92594247,0.334,40.9,24.4,46.9,1909761902,324.6703634,5.481098336,168,3,32955,4289851,,,,,,,,,98.6225,,,,1.4,47,93.5,89.5,17,192,970,49,48,50,0.016,3,361,,,,1.815135437,6.09,,78.5,47,66.4,42.52,48,50,0.016
SGP,,,,,,,,,,,,,,,,,,,,,,,,,,,,,,,,,,,,,,,,,,,,,,,,,,,,,,,,,,,,,,,,,,,,,,,,,,,,,,,,,,,,,,,,,,,,,,,,,,,,,
SVK,,,,,,,,,,,,,,,,,,,,,,,,,,,,,,,,,,,,,,,,,,,,,,,,,,,,,,,,,,,,,,,,,,,,,,,,,,,,,,,,,,,,,,,,,,,,,,,,,,,,,
SVN,,,,,,,,,,,,,,,,,,,,,,,,,,,,,,,,,,,,,,,,,,,,,,,,,,,,,,,,,,,,,,,,,,,,,,,,,,,,,,,,,,,,,,,,,,,,,,,,,,,,,
SLB,,,,,,,,,,,,,,,,,,,,,,,,,,,,,,,,,,,,,,,,,,,,,,,,,,,,,,,,,,,,,,,,,,,,,,,,,,,,,,,,,,,,,,,,,,,,,,,,,,,,,
SOM,,,,,,,,,,,,,,,,,,,,,,,,,,,,,,,,,,,,,,,,,,,,,,,,,,,,,,,,,,,,,,,,,,,,,,,,,,,,,,,,,,,,,,,,,,,,,,,,,,,,,
ZAF,27232642,3554280,23667745,23667745,0,0,10615,0,54.47476261,7.109797105,47.34372781,47.34372781,0,0,0.021233695,0,8227387,3800000,,6841387,100000,,9005,56,16.86181069,7.787998866,,14.02124058,0.204947339,,0.018455508,0.000114771,,,,,,,,,,,,,,,,,49991300,61.9868,65.35422778,41.16305878,0.615,88.7,85.7,87,3.64E+11,7275.343964,3.181328452,1489,3,5959,2535791279,,,,,,,,,839.1341,,,,3.6,459,60.3,29.7,1.2,62,410,54,54,55,0.77,1,30398,,,,0.782234226,2.7,31.33,,,23,63.14,54,55,0.77
ESP,,,,,,,,,,,,,,,,,,,,,,,,,,,,,,,,,,,,,,,,,,,,,,,,,,,,,,,,,,,,,,,,,,,,,,,,,,,,,,,,,,,,,,,,,,,,,,,,,,,,,
LKA,,,,,,,,,,,,,,,,,,,,,,,,,,,,,,,,,,,,,,,,,,,,,,,,,,,,,,,,,,,,,,,,,,,,,,,,,,,,,,,,,,,,,,,,,,,,,,,,,,,,,
SDN,141195,695,92020,92715,92020,695,48480,140500,0.420177733,0.002068229,0.273839406,0.275907635,0.273839406,0.002068229,0.144270098,0.418109504,,,,,,,,,,,,,,,,,0,0,0,0,0,0,0,,0,0,0,0,0,0,0,,33603637,33.2352,56.5943748,18.3299415,0.406,70.2,50.5,71.8,66996504056,1424.638758,7.34162429,769,,,,,,,,,,,,,,,,1.3,97,66.9,95.8,4.3,108,750,59,59,59,0.28,1,13909,,,,0.097222222,6.81,44.14,57.6,26.5,46.5,35.29,59,59,0.28
SUR,,,,,,,,,,,,,,,,,,,,,,,,,,,,,,,,,,,,,,,,,,,,,,,,,,,,,,,,,,,,,,,,,,,,,,,,,,,,,,,,,,,,,,,,,,,,,,,,,,,,,
SWZ,127000,35000,127000,127000,0,0,0,0,12.03214382,3.315945149,12.03214382,12.03214382,0,0,0,0,,,,,,,,,,,,,,,,,0,0,0,0,0,0,0,,0,0,0,0,0,0,0,,1055506,21.2808,58.70188668,61.36662791,0.52,86.9,80.8,82.6,3697606785,3073.435858,2.041281002,89,,,,,,,,,,,,236.1068,,147.3844,,3.8,141,39.2,42.2,11.1,73,420,49,47,50,0.16,0,117337,,,,0.872093023,4.05,60.4,,,,51.49,47,50,0.16
SWE,,,,,,,,,,,,,,,,,,,,,,,,,,,,,,,,,,,,,,,,,,,,,,,,,,,,,,,,,,,,,,,,,,,,,,,,,,,,,,,,,,,,,,,,,,,,,,,,,,,,,
CHE,,,,,,,,,,,,,,,,,,,,,,,,,,,,,,,,,,,,,,,,,,,,,,,,,,,,,,,,,,,,,,,,,,,,,,,,,,,,,,,,,,,,,,,,,,,,,,,,,,,,,
SYR,,,,,,,,,,,,,,,,,,,,,,,,,,,,,,,,,,,,,,,,,,,,,,,,,,,,,,,,,,,,,,,,,,,,,,,,,,,,,,,,,,,,,,,,,,,,,,,,,,,,,
TJK,,,,,,,,,,,,,,,,,,,,,,,,,,,,,,,,,,,,,,,,,,,,,,,,,,,,,,,,,,,,,,,,,,,,,,,,,,,,,,,,,,,,,,,,,,,,,,,,,,,,,
THA,,,,,,,,,,,,,,,,,,,,,,,,,,,,,,,,,,,,,,,,,,,,,,,,,,,,,,,,,,,,,,,,,,,,,,,,,,,,,,,,,,,,,,,,,,,,,,,,,,,,,
MKD,,,,,,,,,,,,,,,,,,,,,,,,,,,,,,,,,,,,,,,,,,,,,,,,,,,,,,,,,,,,,,,,,,,,,,,,,,,,,,,,,,,,,,,,,,,,,,,,,,,,,
TLS,,,,,,,,,,,,,,,,,,,,,,,,,,,,,,,,,,,,,,,,,,,,,,,,,,,,,,,,,,,,,,,,,,,,,,,,,,,,,,,,,,,,,,,,,,,,,,,,,,,,,
TGO,185170,183367,95738,95738,463,0,0,0,3.071934395,3.042022974,1.588274856,1.588274856,0.00768108,0,0,0,81757,78464,,2250,1293,,0,0,1.415255442,1.358251929,,0.03894865,0.022382491,,0,0,15908,15908,0,0,2008,0,0,,0.294154411,0.294154411,0,0,0.037129875,0,0,,6027798,38.02,57.30522719,110.8254826,0.433,56.9,46.9,75.4,3176118222,523.1430943,3.063364824,142,11,109873,144537613,,,,,,,,,186.7259,,,104.2594,1.5,38,75.5,84.2,14.1,98,350,59,57,61,0.053,1,4972,,,,3.309431881,7.62,69.31,74.3,36.8,61.7,34.41,57,61,0.053
TKL,,,,,,,,,,,,,,,,,,,,,,,,,,,,,,,,,,,,,,,,,,,,,,,,,,,,,,,,,,,,,,,,,,,,,,,,,,,,,,,,,,,,,,,,,,,,,,,,,,,,,
TON,,,,,,,,,,,,,,,,,,,,,,,,,,,,,,,,,,,,,,,,,,,,,,,,,,,,,,,,,,,,,,,,,,,,,,,,,,,,,,,,,,,,,,,,,,,,,,,,,,,,,
TTO,,,,,,,,,,,,,,,,,,,,,,,,,,,,,,,,,,,,,,,,,,,,,,,,,,,,,,,,,,,,,,,,,,,,,,,,,,,,,,,,,,,,,,,,,,,,,,,,,,,,,
TUN,196000,196000,196000,196000,196000,0,0,0,1.857978406,1.857978406,1.857978406,1.857978406,1.857978406,0,0,0,95000,95000,,0,0,,0,0,0.919749441,0.919749441,,0,0,,0,0,,,,,,,,,,,,,,,,,10549100,66.3142,69.76987477,67.90100412,0.698,77.6,65.3,83.4,44238228308,4198.542583,4.646348661,1559,,,,,,,,,,,,639.662,,503.702,,3,248,45.9,87.1,0.5,21,60,75,73,77,1.19,0,320,,,,14.34732235,5.92,8.06,,,3.8,41.42,73,77,1.19
TUR,,,,,,,,,,,,,,,,,,,,,,,,,,,,,,,,,,,,,,,,,,,,,,,,,,,,,,,,,,,,,,,,,,,,,,,,,,,,,,,,,,,,,,,,,,,,,,,,,,,,,
TKM,,,,,,,,,,,,,,,,,,,,,,,,,,,,,,,,,,,,,,,,,,,,,,,,,,,,,,,,,,,,,,,,,,,,,,,,,,,,,,,,,,,,,,,,,,,,,,,,,,,,,
TCA,,,,,,,,,,,,,,,,,,,,,,,,,,,,,,,,,,,,,,,,,,,,,,,,,,,,,,,,,,,,,,,,,,,,,,,,,,,,,,,,,,,,,,,,,,,,,,,,,,,,,
TUV,,,,,,,,,,,,,,,,,,,,,,,,,,,,,,,,,,,,,,,,,,,,,,,,,,,,,,,,,,,,,,,,,,,,,,,,,,,,,,,,,,,,,,,,,,,,,,,,,,,,,
UGA,1527724,7411,40313,1527355,36700,1487042,7042,0,4.57064619,0.022172237,0.120608474,4.569542215,0.109799097,4.448933742,0.021068263,0,1498789,310000,,1309000,154789,,70000,0,4.782444407,0.989170434,,4.176851931,0.493911943,,0.223361066,0,1618236,1617236,0,1600000,18236,1600000,266666.6667,,5.691760363,5.688243101,0,5.627619569,0.064140794,5.627619569,0.937937767,,33424683,15.579,49.17530545,167.2823332,0.442,71.4,57.7,76.8,17197398887,508.9282602,8.066997922,642,9,289186,295913870,,,,,,,,,173.2121,,,22.52252,1.6,44,82.6,65.4,27.9,128,430,52,48,57,0.117,2,9460,,,,11.26069766,5.84,64.74,27.2,9.1,24.5,44.3,48,57,0.117
UKR,,,,,,,,,,,,,,,,,,,,,,,,,,,,,,,,,,,,,,,,,,,,,,,,,,,,,,,,,,,,,,,,,,,,,,,,,,,,,,,,,,,,,,,,,,,,,,,,,,,,,
ARE,,,,,,,,,,,,,,,,,,,,,,,,,,,,,,,,,,,,,,,,,,,,,,,,,,,,,,,,,,,,,,,,,,,,,,,,,,,,,,,,,,,,,,,,,,,,,,,,,,,,,
GBR,,,,,,,,,,,,,,,,,,,,,,,,,,,,,,,,,,,,,,,,,,,,,,,,,,,,,,,,,,,,,,,,,,,,,,,,,,,,,,,,,,,,,,,,,,,,,,,,,,,,,
TZA,3278372,118696,3144411,3144411,0,0,148160,24000,7.311066829,0.264702843,7.012321652,7.012321652,0,0,0.330410235,0.053522176,335022,157006,,194822,29992,,0,0,0.792620042,0.371456508,,0.460924422,0.070957311,,0,0,6000,0,0,0,6000,0,0,,0.015451563,0,0,0,0.015451563,0,0,,44841226,26.7424,52.05569157,50.62229171,0.461,72.9,62.2,77.5,22915004297,527.0378467,6.865847785,313,8,276302,950449451,,,,,,,,,,,,,3.5,22,27.7,65.1,59.5,108,790,55,53,58,0.008,0,13270,,,,1.693384511,6.8,87.87,37.4,21.8,33.4,37.58,53,58,0.008
USA,,,,,,,,,,,,,,,,,,,,,,,,,,,,,,,,,,,,,,,,,,,,,,,,,,,,,,,,,,,,,,,,,,,,,,,,,,,,,,,,,,,,,,,,,,,,,,,,,,,,,
URY,,,,,,,,,,,,,,,,,,,,,,,,,,,,,,,,,,,,,,,,,,,,,,,,,,,,,,,,,,,,,,,,,,,,,,,,,,,,,,,,,,,,,,,,,,,,,,,,,,,,,
UZB,,,,,,,,,,,,,,,,,,,,,,,,,,,,,,,,,,,,,,,,,,,,,,,,,,,,,,,,,,,,,,,,,,,,,,,,,,,,,,,,,,,,,,,,,,,,,,,,,,,,,
VUT,,,,,,,,,,,,,,,,,,,,,,,,,,,,,,,,,,,,,,,,,,,,,,,,,,,,,,,,,,,,,,,,,,,,,,,,,,,,,,,,,,,,,,,,,,,,,,,,,,,,,
VEN,1200,1200,0,1200,0,1200,0,0,0.004161753,0.004161753,0,0.004161753,0,0.004161753,0,0,,,,,,,,,,,,,,,,,38375,23375,0,0,15000,0,0,,0.144391767,0.087951989,0,0,0.056439779,0,0,,28834000,94,65.10191464,30.3,0.734,95.154,92.7,93.3,3.94E+11,13589.77221,7.020584529,809,1,44802,120928416,,,,,,,,,1246.39,,0.72,,2.7,597,55.1,89.5,0,18,68,73.94243902,70.8,76.8,,1,704,,,,0.736919676,0.0428,29.53,0,0,,44.77,70.8,76.8,
VNM,,,,,,,,,,,,,,,,,,,,,,,,,,,,,,,,,,,,,,,,,,,,,,,,,,,,,,,,,,,,,,,,,,,,,,,,,,,,,,,,,,,,,,,,,,,,,,,,,,,,,
YEM,,,,,,,,,,,,,,,,,,,,,,,,,,,,,,,,,,,,,,,,,,,,,,,,,,,,,,,,,,,,,,,,,,,,,,,,,,,,,,,,,,,,,,,,,,,,,,,,,,,,,
ZMB,121000,118000,93000,93000,0,0,0,0,0.936068169,0.912859867,0.719457353,0.719457353,0,0,0,0,37188,27585,,23152,0,,0,0,0.300397137,0.222826047,,0.18701717,0,,0,0,64000,32000,32000,32000,0,0,0,,0.558348997,0.279174498,0.279174498,0.279174498,0,0,0,,12926409,39.1654,50.45034642,17.38846231,0.425,70.9,74.8,86.8,16192867758,1252.695718,6.422701108,201,2,2040,2105157,,,,,,,,,27.58988,,16.59411,0.1702633,3.6,68,38,74.5,38.4,141,470,48,46,50,0.055,1,32196,,,,0.047081613,3.57,82.55,76.8,26.7,59.3,54.63,46,50,0.055
ZWE,1380793,0,1360200,1360793,20593,593,0,200,10.98355847,0,10.81975084,10.82446788,0.163807623,0.004717036,0,0.001590906,211000,1000,,210000,0,,0,1870,1.6945691,0.008031133,,1.686537966,0,,0,0.015018219,0,0,0,0,0,0,0,,0,0,0,0,0,0,0,,12571454,57.4189047,32.49697299,32.5,0.364,91.9,87.2,94.2,,594.5215247,-1.165745887,361,,,,,,,,,,,,144.3648,,34.23818,,4.1,,,,,90,790,49,47,50,0.16,0,78319,,,,82.4,,72,38.6206,,,,47,50,0.16
GUF,,,,,,,,,,,,,,,,,,,,,,,,,,,,,,,,,,,,,,,,,,,,,,,,,,,,,,,,,,,,,,,,,,,,,,,,,,,,,,,,,,,,,,,,,,,,,,,,,,,,,
ESH,,,,,,,,,,,,,,,,,,,,,,,,,,,,,,,,,,,,,,,,,,,,,,,,,,,,,,,,,,,,,,,,,,,,,,,,,,,,,,,,,,,,,,,,,,,,,,,,,,,,,
TWN,,,,,,,,,,,,,,,,,,,,,,,,,,,,,,,,,,,,,,,,,,,,,,,,,,,,,,,,,,,,,,,,,,,,,,,,,,,,,,,,,,,,,,,,,,,,,,,,,,,,,
GRL,,,,,,,,,,,,,,,,,,,,,,,,,,,,,,,,,,,,,,,,,,,,,,,,,,,,,,,,,,,,,,,,,,,,,,,,,,,,,,,,,,,,,,,,,,,,,,,,,,,,,
EAZ,,,,,,,,,,,,,,,,,,,,,,,,,,,,,,,,,,,,,,,,,,,,,,,,,,,,,,,,,,,,,,,,,,,,,,,,,,,,,,,,,,,,,,,,,,,,,,,,,,,,,
SJM,,,,,,,,,,,,,,,,,,,,,,,,,,,,,,,,,,,,,,,,,,,,,,,,,,,,,,,,,,,,,,,,,,,,,,,,,,,,,,,,,,,,,,,,,,,,,,,,,,,,,
PRI,,,,,,,,,,,,,,,,,,,,,,,,,,,,,,,,,,,,,,,,,,,,,,,,,,,,,,,,,,,,,,,,,,,,,,,,,,,,,,,,,,,,,,,,,,,,,,,,,,,,,
IMN,,,,,,,,,,,,,,,,,,,,,,,,,,,,,,,,,,,,,,,,,,,,,,,,,,,,,,,,,,,,,,,,,,,,,,,,,,,,,,,,,,,,,,,,,,,,,,,,,,,,,
JEY,,,,,,,,,,,,,,,,,,,,,,,,,,,,,,,,,,,,,,,,,,,,,,,,,,,,,,,,,,,,,,,,,,,,,,,,,,,,,,,,,,,,,,,,,,,,,,,,,,,,,
GGY,,,,,,,,,,,,,,,,,,,,,,,,,,,,,,,,,,,,,,,,,,,,,,,,,,,,,,,,,,,,,,,,,,,,,,,,,,,,,,,,,,,,,,,,,,,,,,,,,,,,,
VIR,,,,,,,,,,,,,,,,,,,,,,,,,,,,,,,,,,,,,,,,,,,,,,,,,,,,,,,,,,,,,,,,,,,,,,,,,,,,,,,,,,,,,,,,,,,,,,,,,,,,,
KOS,,,,,,,,,,,,,,,,,,,,,,,,,,,,,,,,,,,,,,,,,,,,,,,,,,,,,,,,,,,,,,,,,,,,,,,,,,,,,,,,,,,,,,,,,,,,,,,,,,,,,
SSD,,,,,,,,,,,,,,,,,,,,,,,,,,,,,,,,,,,,,,,,,,,,,,,,,,,,,,,,,,,,,,,,,,,,,,,,,,,,,,,,,,,,,,,,,,,,,,,,,,,,,
