CATEGORY,YEAR,INDICATOR,SOURCE,DESCRIPTION,UNIT,MAP,GRAPH,FILE,OPTIONS,TYPE,AFG,ALB,DZA,AND,AGO,AIA,ATG,ARG,ARM,ABW,AUS,AUT,AZE,BHS,BHR,BGD,BRB,BLR,BEL,BLZ,BEN,BMU,BTN,BOL,BIH,BWA,BRA,VGB,BRN,BGR,BFA,BDI,KHM,CMR,CAN,CPV,CYM,CAF,TCD,CHL,CHN,COL,COM,COG,COK,CRI,CIV,HRV,CUB,CYP,CZE,PRK,COD,DNK,DJI,DMA,DOM,ECU,EGY,SLV,GNQ,ERI,EST,ETH,FJI,FIN,FRA,GAB,GMB,GEO,DEU,GHA,GIB,GRC,GRD,GTM,GIN,GNB,GUY,HTI,VAT,HND,HKG,HUN,ISL,IND,IDN,IRN,IRQ,IRL,ISR,ITA,JAM,JPN,JOR,KAZ,KEN,KIR,KWT,KGZ,LAO,LVA,LBN,LSO,LBR,LBY,LIE,LTU,LUX,MAC,MDG,MWI,MYS,MDV,MLI,MLT,MHL,MRT,MUS,MEX,FSM,MCO,MNG,MNE,MSR,MAR,MOZ,MMR,NAM,NRU,NPL,NLD,ANT,NZL,NIC,NER,NGA,NIU,NOR,OMN,PAK,PLW,PSE,PAN,PNG,PRY,PER,PHL,POL,PRT,QAT,KOR,MDA,ROU,RUS,RWA,KNA,LCA,VCT,WSM,SMR,STP,SAU,SEN,SRB,SYC,SLE,SGP,SVK,SVN,SLB,SOM,ZAF,ESP,LKA,SDN,SUR,SWZ,SWE,CHE,SYR,TJK,THA,MKD,TLS,TGO,TKL,TON,TTO,TUN,TUR,TKM,TCA,TUV,UGA,UKR,ARE,GBR,TZA,USA,URY,UZB,VUT,VEN,VNM,YEM,ZMB,ZWE,GUF,ESH,TWN,GRL,EAZ,SJM,PRI,IMN,JEY,GGY,VIR,KOS,SSD
Microinsurance,2011,Total coverage,MicroInsurance Centre,,,,,,,,,,2036,,0,,,1356247,,,,,,,,,,,,540,200506,,,718117,,23657,10447500,,,,215137,91920,,330062,,0,,0,0,496000,,7976751,19428,31703,,0,74363,,,,,,208425,,0,,253760,2637315,203327,129377,0,0,,2154049,,,,0,8700,,,1706449,,,,575658,32221,0,,71773,,50693,,,,,,,,,,,566000,,,,1292286,,,,,,,0,0,15,,,,,17260,249674,,,111562,,,5623,78150,14731412,,,,,,20000,53536,,1275109,,,,,,120904,250,1079789,,,,,,,63569,,53505,5283286,,,,,,,,,13000,,,,,,,,744045,,0,1210,,,,,,27232642,,,141195,,127000,,,,,,,,185170,,,,196000,,,,,1527724,,,,3278372,,,,,1200,,,121000,1380793,,,,,,,,,,,,,
Microinsurance,2011,Credit life coverage,MicroInsurance Centre,,,,,,,,,,0,,0,,,0,,,,,,,,,,,,0,43356,,,488177,,0,500,,,,178350,0,,904,,0,,0,0,0,,968827,0,0,,0,15747,,,,,,0,,0,,49643,1235541,203327,63513,0,0,,2138166,,,,0,0,,,523259,,,,20294,0,0,,58773,,10233,,,,,,,,,,,0,,,,942677,,,,,,,0,0,0,,,,,17260,249674,,,62912,,,0,78150,8770320,,,,,,0,53536,,0,,,,,,78256,0,1300,,,,,,,10069,,7,4094708,,,,,,,,,6000,,,,,,,,134803,,0,1210,,,,,,3554280,,,695,,35000,,,,,,,,183367,,,,196000,,,,,7411,,,,118696,,,,,1200,,,118000,0,,,,,,,,,,,,,
Microinsurance,2011,Life coverage (excluding credit life),MicroInsurance Centre,,,,,,,,,,0,,0,,,1337009,,,,,,,,,,,,0,12453,,,716334,,23657,7767000,,,,173504,91920,,688,,0,,0,0,42000,,4190985,0,31703,,0,50616,,,,,,40,,0,,123583,2254000,187955,112114,0,0,,0,,,,0,0,,,1640255,,,,575658,0,0,,13000,,50693,,,,,,,,,,,0,,,,473988,,,,,,,0,0,0,,,,,0,170138,,,0,,,0,78150,13943492,,,,,,0,0,,1201000,,,,,,118247,0,983271,,,,,,,53745,,53505,1210872,,,,,,,,,6000,,,,,,,,0,,0,1210,,,,,,23667745,,,92020,,127000,,,,,,,,95738,,,,196000,,,,,40313,,,,3144411,,,,,0,,,93000,1360200,,,,,,,,,,,,,
Microinsurance,2011,Life and accident coverage (excluding credit life),MicroInsurance Centre,,,,,,,,,,0,,0,,,1337009,,,,,,,,,,,,0,26325,,,717413,,23657,10392500,,,,173504,91920,,1131,,0,,0,0,290000,,6673568,0,31703,,0,50616,,,,,,40,,0,,229981,2385559,368309,92592,0,0,,0,,,,0,5700,,,1666317,,,,575658,0,0,,13000,,50693,,,,,,,,,,,566000,,,,476442,,,,,,,0,0,15,,,,,0,170138,,,0,,,0,78150,13981412,,,,,,0,0,,1204866,,,,,,118247,250,983271,,,,,,,53745,,53505,3482574,,,,,,,,,6000,,,,,,,,0,,0,1210,,,,,,23667745,,,92715,,127000,,,,,,,,95738,,,,196000,,,,,1527355,,,,3144411,,,,,1200,,,93000,1360793,,,,,,,,,,,,,
Microinsurance,2011,Health coverage,MicroInsurance Centre,,,,,,,,,,0,,0,,,19238,,,,,,,,,,,,0,157361,,,6079,,0,4100000,,,,26059,87370,,328614,,0,,0,0,120000,,118405,19428,31703,,0,8000,,,,,,208385,,0,,64097,1574015,0,12279,0,0,,0,,,,0,8000,,,7734,,,,381749,32221,0,,0,,10233,,,,,,,,,,,0,,,,266378,,,,,,,0,0,0,,,,,0,50798,,,48483,,,5623,78150,3605658,,,,,,0,0,,13688,,,,,,602,250,95218,,,,,,,50000,,0,205294,,,,,,,,,0,,,,,,,,609182,,0,0,,,,,,0,,,92020,,0,,,,,,,,463,,,,196000,,,,,36700,,,,0,,,,,0,,,0,20593,,,,,,,,,,,,,
Microinsurance,2011,Accident coverage,MicroInsurance Centre,,,,,,,,,,0,,0,,,430000,,,,,,,,,,,,0,22946,,,467675,,23657,9592500,,,,0,0,,908,,0,,0,0,290000,,2482583,0,0,,0,0,,,,,,0,,0,,223939,526559,180354,78071,0,0,,0,,,,0,5700,,,78796,,,,555628,0,0,,0,,10233,,,,,,,,,,,566000,,,,204550,,,,,,,0,0,15,,,,,0,0,,,0,,,0,78150,5338931,,,,,,0,0,,4866,,,,,,99997,250,0,,,,,,,53745,,53302,3226469,,,,,,,,,0,,,,,,,,0,,0,0,,,,,,0,,,695,,0,,,,,,,,0,,,,0,,,,,1487042,,,,0,,,,,1200,,,0,593,,,,,,,,,,,,,
Microinsurance,2011,Property coverage,MicroInsurance Centre,,,,,,,,,,2036,,0,,,0,,,,,,,,,,,,540,2260,,,708,,0,2055000,,,,0,0,,464,,0,,0,0,86000,,215951,0,0,,0,0,,,,,,0,,0,,28350,486200,0,12103,0,0,,0,,,,0,0,,,475852,,,,0,0,0,,58773,,0,,,,,,,,,,,0,,,,122907,,,,,,,0,0,15,,,,,0,53536,,,0,,,0,0,0,,,,,,0,0,,0,,,,,,0,0,0,,,,,,,0,,149,0,,,,,,,,,0,,,,,,,,0,,0,1210,,,,,,10615,,,48480,,0,,,,,,,,0,,,,0,,,,,7042,,,,148160,,,,,0,,,0,0,,,,,,,,,,,,,
Microinsurance,2011,Agriculture coverage,MicroInsurance Centre,,,,,,,,,,2036,,0,,,0,,,,,,,,,,,,0,842,,,8,,0,0,,,,194,0,,0,,0,,0,0,0,,0,0,0,,0,0,,,,,,0,,0,,0,0,0,0,0,0,,15883,,,,0,0,,,3073,,,,0,0,0,,0,,0,,,,,,,,,,,0,,,,23523,,,,,,,0,0,0,,,,,0,0,,,167,,,0,0,0,,,,,,20000,0,,0,,,,,,0,0,0,,,,,,,0,,142,0,,,,,,,,,7000,,,,,,,,60,,0,0,,,,,,0,,,140500,,0,,,,,,,,0,,,,0,,,,,0,,,,24000,,,,,0,,,0,200,,,,,,,,,,,,,
Microinsurance,2011,Total coverage ratio,MicroInsurance Centre,,% of the population covered by microinsurance,,,,,,,,0.005740352,,0,,,3.356018958,,,,,,,,,,,,0.156657963,2.265632168,,,7.231902519,,1.178756767,5.359163467,,,,1.30633758,1.096524583,,1.684085256,,0,,0,0,2.898264828,,17.23032378,2.644164682,0.784165026,,0,0.376754248,,,,,,0.315959203,,0,,2.556178304,18.23271751,0.250646327,2.089086811,0,0,,2.596818468,,,,0,0.503357452,,,6.995987959,,,,4.000700817,0.322804283,0,,0.718215011,,0.666967172,,,,,,,,,,,20.94512082,,,,3.189830779,,,,,,,0,0,0.00023603,,,,,0.083326015,1.675569855,,,0.72585157,,,0.162525114,6.101064544,12.9880235,,,,,,0.062595043,0.228876653,,55.84527408,,,,,,2.088814707,0.00161166,0.681585224,,,,,,,1.807570476,,0.828950377,18.1702881,,,,,,,,,0.1223644,,,,,,,,5.984086189,,0,0.020621944,,,,,,54.47476261,,,0.420177733,,12.03214382,,,,,,,,3.071934395,,,,1.857978406,,,,,4.57064619,,,,7.311066829,,,,,0.004161753,,,0.936068169,10.98355847,,,,,,,,,,,,,
Microinsurance,2011,Credit life coverage ratio,MicroInsurance Centre,,% of the population covered by microinsurance,,,,,,,,0,,0,,,0,,,,,,,,,,,,0,0.489904284,,,4.916258042,,0,0.000256481,,,,1.082962519,0,,0.004612506,,0,,0,0,0,,2.092732104,0,0,,0,0.079780928,,,,,,0,,0,,0.500064469,8.541744168,0.250646327,1.025562277,0,0,,2.577670683,,,,0,0,,,2.145223012,,,,0.141038989,0,0,,0.588127162,,0.134635454,,,,,,,,,,,0,,,,2.326868905,,,,,,,0,0,0,,,,,0.083326015,1.675569855,,,0.409321938,,,0,6.101064544,7.73239675,,,,,,0,0.228876653,,0,,,,,,1.352000626,0,0.000820587,,,,,,,0.286309791,,0.000108451,14.08252819,,,,,,,,,0.056475877,,,,,,,,1.08417202,,0,0.020621944,,,,,,7.109797105,,,0.002068229,,3.315945149,,,,,,,,3.042022974,,,,1.857978406,,,,,0.022172237,,,,0.264702843,,,,,0.004161753,,,0.912859867,0,,,,,,,,,,,,,
Microinsurance,2011,Life coverage ratio (excluding credit life),MicroInsurance Centre,,% of the population covered by microinsurance,,,,,,,,0,,0,,,3.308414729,,,,,,,,,,,,0,0.140713582,,,7.213946556,,1.178756767,3.984170629,,,,1.053537028,1.096524583,,0.003510403,,0,,0,0,0.245417586,,9.05281217,0,0.784165026,,0,0.256441954,,,,,,6.06375E-05,,0,,1.244877772,15.58272154,0.231696875,1.810336295,0,0,,0,,,,0,0,,,6.724610129,,,,4.000700817,0,0,,0.130087848,,0.666967172,,,,,,,,,,,0,,,,1.16997438,,,,,,,0,0,0,,,,,0,1.141801325,,,0,,,0,6.101064544,12.29334987,,,,,,0,0,,52.59956142,,,,,,2.042910678,0,0.62066106,,,,,,,1.528227205,,0.828950377,4.164433478,,,,,,,,,0.056475877,,,,,,,,0,,0,0.020621944,,,,,,47.34372781,,,0.273839406,,12.03214382,,,,,,,,1.588274856,,,,1.857978406,,,,,0.120608474,,,,7.012321652,,,,,0,,,0.719457353,10.81975084,,,,,,,,,,,,,
Microinsurance,2011,Life and accident coverage ratio (excluding credit life),MicroInsurance Centre,,% of the population covered by microinsurance,,,,,,,,0,,0,,,3.308414729,,,,,,,,,,,,0,0.297461257,,,7.224812784,,1.178756767,5.330950594,,,,1.053537028,1.096524583,,0.005770735,,0,,0,0,1.69455,,14.41536002,0,0.784165026,,0,0.256441954,,,,,,6.06375E-05,,0,,2.316647393,16.49223674,0.454023804,1.495109069,0,0,,0,,,,0,0.329785917,,,6.831457411,,,,4.000700817,0,0,,0.130087848,,0.666967172,,,,,,,,,,,20.94512082,,,,1.176031742,,,,,,,0,0,0.00023603,,,,,0,1.141801325,,,0,,,0,6.101064544,12.32678223,,,,,,0,0,,52.76887858,,,,,,2.042910678,0.00161166,0.62066106,,,,,,,1.528227205,,0.828950377,11.97727568,,,,,,,,,0.056475877,,,,,,,,0,,0,0.020621944,,,,,,47.34372781,,,0.275907635,,12.03214382,,,,,,,,1.588274856,,,,1.857978406,,,,,4.569542215,,,,7.012321652,,,,,0.004161753,,,0.719457353,10.82446788,,,,,,,,,,,,,
Microinsurance,2011,Health coverage ratio,MicroInsurance Centre,,% of the population covered by microinsurance,,,,,,,,0,,0,,,0.047604229,,,,,,,,,,,,0,1.778112094,,,0.061219461,,0,2.103141442,,,,0.158233363,1.042247093,,1.676697082,,0,,0,0,0.701193103,,0.25576284,2.644164682,0.784165026,,0,0.040531366,,,,,,0.315898565,,0,,0.645662676,10.881738,0,0.198272467,0,0,,0,,,,0,0.462857427,,,0.031707347,,,,2.653074457,0.322804283,0,,0,,0.134635454,,,,,,,,,,,0,,,,0.657517564,,,,,,,0,0,0,,,,,0,0.340906933,,,0.315443087,,,0.162525114,6.101064544,3.178946515,,,,,,0,0,,0.599486092,,,,,,0.010400536,0.00161166,0.060103578,,,,,,,1.421738957,,0,0.706047548,,,,,,,,,0,,,,,,,,4.899431611,,0,0,,,,,,0,,,0.273839406,,0,,,,,,,,0.00768108,,,,1.857978406,,,,,0.109799097,,,,0,,,,,0,,,0,0.163807623,,,,,,,,,,,,,
Microinsurance,2011,Accident coverage ratio,MicroInsurance Centre,,% of the population covered by microinsurance,,,,,,,,0,,0,,,1.064030484,,,,,,,,,,,,0,0.25928,,,4.709789645,,1.178756767,4.920581532,,,,0,0,,0.004632916,,0,,0,0,1.69455,,5.362547848,0,0,,0,0,,,,,,0,,0,,2.255785046,3.640293821,0.22232693,1.260634398,0,0,,0,,,,0,0.329785917,,,0.323042685,,,,3.861496571,0,0,,0,,0.134635454,,,,,,,,,,,20.94512082,,,,0.504903625,,,,,,,0,0,0.00023603,,,,,0,0,,,0,,,0,6.101064544,4.707095375,,,,,,0,0,,0.213113627,,,,,,1.727612025,0.00161166,0,,,,,,,1.528227205,,0.825805308,11.09647883,,,,,,,,,0,,,,,,,,0,,0,0,,,,,,0,,,0.002068229,,0,,,,,,,,0,,,,0,,,,,4.448933742,,,,0,,,,,0.004161753,,,0,0.004717036,,,,,,,,,,,,,
Microinsurance,2011,Property coverage ratio,MicroInsurance Centre,,% of the population covered by microinsurance,,,,,,,,0.005740352,,0,,,0,,,,,,,,,,,,0.156657963,0.025537035,,,0.007130018,,0,1.054135528,,,,0,0,,0.002367481,,0,,0,0,0.502521724,,0.466468823,0,0,,0,0,,,,,,0,,0,,0.285575563,3.361277379,0,0.195430545,0,0,,0,,,,0,0,,,1.950866895,,,,0,0,0,,0.588127162,,0,,,,,,,,,,,0,,,,0.303379075,,,,,,,0,0,0.00023603,,,,,0,0.359281735,,,0,,,0,0,0,,,,,,0,0,,0,,,,,,0,0,0,,,,,,,0,,0.00230845,0,,,,,,,,,0,,,,,,,,0,,0,0.020621944,,,,,,0.021233695,,,0.144270098,,0,,,,,,,,0,,,,0,,,,,0.021068263,,,,0.330410235,,,,,0,,,0,0,,,,,,,,,,,,,
Microinsurance,2011,Agriculture coverage ratio,MicroInsurance Centre,,% of the population covered by microinsurance,,,,,,,,0.005740352,,0,,,0,,,,,,,,,,,,0,0.00951424,,,0.000793012921749053E,,0,0,,,,0.001177991,0,,0,,0,,0,0,0,,0,0,0,,0,0,,,,,,0,,0,,0,0,0,0,0,0,,0.019147785,,,,0,0,,,0.012598484,,,,0,0,0,,0,,0,,,,,,,,,,,0,,,,0.0580633,,,,,,,0,0,0,,,,,0,0,,,0.001086546,,,0,0,0,,,,,,0.062595043,0,,0,,,,,,0,0,0,,,,,,,0,,0,0,,,,,,,,,0.065888523,,,,,,,,0.000482558,,0,0,,,,,,0,,,0.418109504,,0,,,,,,,,0,,,,0,,,,,0,,,,0.053522176,,,,,0,,,0,0.001590906,,,,,,,,,,,,,
Microinsurance,2008,Total coverage,MicroInsurance Centre,,,,,,,,,,1500,,,,,,,,,,,,,,,,,,170081,,,,,16000,,,,,140403,24610,,177718,,,,,,,,,9000,21146,,,30644,,,,,,150335,,,,,,142100,,,,,1008292,,,,,,,,95110,,,,,136146,,,,,,,,,,,,,,,,,,,,1102317,,,,,,,,,,,,,,2000,186521,,,131559,,,12681,,,,,,,,8540,,,141969,,,,,,,2370,106992,,,,,,,,,,,,,,,,,,,,,,,,,,,346764,,4000,,,,,,,8227387,,,,,,,,,,,,,81757,,,,95000,,,,,1498789,,,,335022,,,,,,,,37188,211000,,,,,,,,,,,,,
Microinsurance,2008,Credit life coverage,MicroInsurance Centre,,,,,,,,,,1500,,,,,,,,,,,,,,,,,,57250,,,,,1000,,,,,82637,10000,,33225,,,,,,,,,0,2599,,,5000,,,,,,1000,,,,,,142100,,,,,1005092,,,,,,,,71210,,,,,0,,,,,,,,,,,,,,,,,,,,780725,,,,,,,,,,,,,,2000,143668,,,83775,,,100,,,,,,,,0,,,17709,,,,,,,0,24000,,,,,,,,,,,,,,,,,,,,,,,,,,,91423,,0,,,,,,,3800000,,,,,,,,,,,,,78464,,,,95000,,,,,310000,,,,157006,,,,,,,,27585,1000,,,,,,,,,,,,,
Microinsurance,2008,Life coverage (excluding credit life),MicroInsurance Centre,,,,,,,,,,,,,,,,,,,,,,,,,,,,,,,,,,,,,,,,,,,,,,,,,,,,,,,,,,,,,,,,,,,,,,,,,,,,,,,,,,,,,,,,,,,,,,,,,,,,,,,,,,,,,,,,,,,,,,,,,,,,,,,,,,,,,,,,,,,,,,,,,,,,,,,,,,,,,,,,,,,,,,,,,,,,,,,,,,,,,,,,,,,,,,,,,,,,,,,,,,,,,,,,,,,,,,,,,,,,,,,,,,,,
Microinsurance,2008,Life and accident coverage (excluding credit life),MicroInsurance Centre,,,,,,,,,,0,,,,,,,,,,,,,,,,,,1700,,,,,7000,,,,,19296,5500,,15005,,,,,,,,,0,18698,,,350,,,,,,500,,,,,,19000,,,,,0,,,,,,,,65693,,,,,0,,,,,,,,,,,,,,,,,,,,112147,,,,,,,,,,,,,,0,174521,,,0,,,130,,,,,,,,0,,,91969,,,,,,,0,35000,,,,,,,,,,,,,,,,,,,,,,,,,,,0,,4000,,,,,,,6841387,,,,,,,,,,,,,2250,,,,0,,,,,1309000,,,,194822,,,,,,,,23152,210000,,,,,,,,,,,,,
Microinsurance,2008,Health coverage,MicroInsurance Centre,,,,,,,,,,0,,,,,,,,,,,,,,,,,,118081,,,,,10000,,,,,36381,14610,,133897,,,,,,,,,9000,18547,,,25394,,,,,,150335,,,,,,0,,,,,0,,,,,,,,700,,,,,136146,,,,,,,,,,,,,,,,,,,,483555,,,,,,,,,,,,,,0,34815,,,47784,,,12681,,,,,,,,0,,,54479,,,,,,,2370,61992,,,,,,,,,,,,,,,,,,,,,,,,,,,266351,,0,,,,,,,100000,,,,,,,,,,,,,1293,,,,0,,,,,154789,,,,29992,,,,,,,,0,0,,,,,,,,,,,,,
Microinsurance,2008,Accident coverage,MicroInsurance Centre,,,,,,,,,,,,,,,,,,,,,,,,,,,,,,,,,,,,,,,,,,,,,,,,,,,,,,,,,,,,,,,,,,,,,,,,,,,,,,,,,,,,,,,,,,,,,,,,,,,,,,,,,,,,,,,,,,,,,,,,,,,,,,,,,,,,,,,,,,,,,,,,,,,,,,,,,,,,,,,,,,,,,,,,,,,,,,,,,,,,,,,,,,,,,,,,,,,,,,,,,,,,,,,,,,,,,,,,,,,,,,,,,,,,
Microinsurance,2008,Property coverage,MicroInsurance Centre,,,,,,,,,,0,,,,,,,,,,,,,,,,,,95,,,,,11000,,,,,12000,0,,87,,,,,,,,,0,0,,,0,,,,,,0,,,,,,0,,,,,0,,,,,,,,43686,,,,,0,,,,,,,,,,,,,,,,,,,,90000,,,,,,,,,,,,,,0,12000,,,0,,,0,,,,,,,,0,,,0,,,,,,,0,0,,,,,,,,,,,,,,,,,,,,,,,,,,,0,,4000,,,,,,,9005,,,,,,,,,,,,,0,,,,0,,,,,70000,,,,0,,,,,,,,0,0,,,,,,,,,,,,,
Microinsurance,2008,Agriculture coverage,MicroInsurance Centre,,,,,,,,,,0,,,,,,,,,,,,,,,,,,0,,,,,100,,,,,0,0,,10000,,,,,,,,,0,0,,,0,,,,,,1500,,,,,,0,,,,,3200,,,,,,,,0,,,,,0,,,,,,,,,,,,,,,,,,,,0,,,,,,,,,,,,,,0,4800,,,0,,,0,,,,,,,,8540,,,50000,,,,,,,0,0,,,,,,,,,,,,,,,,,,,,,,,,,,,0,,0,,,,,,,56,,,,,,,,,,,,,0,,,,0,,,,,0,,,,0,,,,,,,,0,1870,,,,,,,,,,,,,
Microinsurance,2008,Total coverage ratio,MicroInsurance Centre,,% of the population covered by microinsurance,,,,,,,,0.004356915,,,,,,,,,,,,,,,,,,2.035440487,,,,,0.818488845,,,,,0.904935,0.30981754,,0.947385805,,,,,,,,,1.291185222,0.551202592,,,0.161394579,,,,,,0.240632634,,,,,,0.181427498,,,,,1.269147197,,,,,,,,0.408825999,,,,,1.424253932,,,,,,,,,,,,,,,,,,,,2.866480349,,,,,,,,,,,,,,0.010232125,1.331806462,,,0.909813907,,,0.38482618,,,,,,,,0.027265657,,,6.451898772,,,,,,,0.016401376,0.071012831,,,,,,,,,,,,,,,,,,,,,,,,,,,2.941888364,,4.6000276,,,,,,,16.86181069,,,,,,,,,,,,,1.415255442,,,,0.919749441,,,,,4.782444407,,,,0.792620042,,,,,,,,0.300397137,1.69456910,,,,,,,,,,,,,
Microinsurance,2008,Credit life coverage ratio,MicroInsurance Centre,,% of the population covered by microinsurance,,,,,,,,0.004356915,,,,,,,,,,,,,,,,,,0.685138069,,,,,0.051155553,,,,,0.532617634,0.125890914,,0.177117081,,,,,,,,,0,0.067746881,,,0.026333798,,,,,,0.001600643,,,,,,0.181427498,,,,,1.265119325,,,,,,,,0.306092939,,,,,0,,,,,,,,,,,,,,,,,,,,2.030208071,,,,,,,,,,,,,,0.010232125,1.025825354,,,0.579357247,,,0.00303466,,,,,,,,0,,,0.80480017,,,,,,,0,0.015929303,,,,,,,,,,,,,,,,,,,,,,,,,,,0.775617596,,0,,,,,,,7.787998866,,,,,,,,,,,,,1.358251929,,,,0.919749441,,,,,0.989170434,,,,0.371456508,,,,,,,,0.222826047,0.008031133,,,,,,,,,,,,,
Microinsurance,2008,Life coverage ratio (excluding credit life),MicroInsurance Centre,,% of the population covered by microinsurance,,,,,,,,,,,,,,,,,,,,,,,,,,,,,,,,,,,,,,,,,,,,,,,,,,,,,,,,,,,,,,,,,,,,,,,,,,,,,,,,,,,,,,,,,,,,,,,,,,,,,,,,,,,,,,,,,,,,,,,,,,,,,,,,,,,,,,,,,,,,,,,,,,,,,,,,,,,,,,,,,,,,,,,,,,,,,,,,,,,,,,,,,,,,,,,,,,,,,,,,,,,,,,,,,,,,,,,,,,,,,,,,,,
Microinsurance,2008,Life and accident coverage ratio (excluding credit life),MicroInsurance Centre,,% of the population covered by microinsurance,,,,,,,,0,,,,,,,,,,,,,,,,,,0.020344711,,,,,0.358088869,,,,,0.124367896,0.069240003,,0.079989219,,,,,,,,,0,0.487391756,,,0.001843366,,,,,,0.000800321,,,,,,0.024258427,,,,,0,,,,,,,,0.282378366,,,,,0,,,,,,,,,,,,,,,,,,,,0.291628607,,,,,,,,,,,,,,0,1.246123469,,,0,,,.00394507,,,,,,,,0,,,4.179607366,,,,,,,0,0.023230233,,,,,,,,,,,,,,,,,,,,,,,,,,,0,,4.6000276,,,,,,,14.02124058,,,,,,,,,,,,,0.03894865,,,,0,,,,,4.176851931,,,,0.460924422,,,,,,,,0.18701717,1.686537966,,,,,,,,,,,,,
Microinsurance,2008,Health coverage ratio,MicroInsurance Centre,,% of the population covered by microinsurance,,,,,,,,0,,,,,,,,,,,,,,,,,,1.413131673,,,,,0.511555528,,,,,0.234485305,0.183926626,,0.713783169,,,,,,,,,1.291185222,0.483455711,,,0.133744091,,,,,,0.240632634,,,,,,0,,,,,0,,,,,,,,0.003008918,,,,,1.424253932,,,,,,,,,,,,,,,,,,,,1.257443099,,,,,,,,,,,,,,0,0.248587784,,,0.33045666,,,0.38482618,,,,,,,,0,,,2.47584327,,,,,,,0.016401376,0.041145389,,,,,,,,,,,,,,,,,,,,,,,,,,,2.259677786,,0,,,,,,,0.204947339,,,,,,,,,,,,,0.022382491,,,,0,,,,,0.493911943,,,,0.070957311,,,,,,,,0,0,,,,,,,,,,,,,
Microinsurance,2008,Accident coverage ratio,MicroInsurance Centre,,% of the population covered by microinsurance,,,,,,,,,,,,,,,,,,,,,,,,,,,,,,,,,,,,,,,,,,,,,,,,,,,,,,,,,,,,,,,,,,,,,,,,,,,,,,,,,,,,,,,,,,,,,,,,,,,,,,,,,,,,,,,,,,,,,,,,,,,,,,,,,,,,,,,,,,,,,,,,,,,,,,,,,,,,,,,,,,,,,,,,,,,,,,,,,,,,,,,,,,,,,,,,,,,,,,,,,,,,,,,,,,,,,,,,,,,,,,,,,,
Microinsurance,2008,Property coverage ratio,MicroInsurance Centre,,% of the population covered by microinsurance,,,,,,,,0,,,,,,,,,,,,,,,,,,0.00113691,,,,,0.562711081,,,,,0.077343219,0,,0.000463783,,,,,,,,,0,0,,,0,,,,,,0,,,,,,0,,,,,0,,,,,,,,0.18778228,,,,,0,,,,,,,,,,,,,,,,,,,,0.234037243,,,,,,,,,,,,,,0,0.085682993,,,0,,,0,,,,,,,,0,,,0,,,,,,,0,0,,,,,,,,,,,,,,,,,,,,,,,,,,,0,,4.6000276,,,,,,,0.018455508,,,,,,,,,,,,,0,,,,0,,,,,0.223361066,,,,0,,,,,,,,0,0,,,,,,,,,,,,,
Microinsurance,2008,Agriculture coverage ratio,MicroInsurance Centre,,% of the population covered by microinsurance,,,,,,,,0,,,,,,,,,,,,,,,,,,0,,,,,0.005115555,,,,,0,0,,0.053308376,,,,,,,,,0,0,,,0,,,,,,0.002400964,,,,,,0,,,,,0.004027872,,,,,,,,0,,,,,0,,,,,,,,,,,,,,,,,,,,0,,,,,,,,,,,,,,0,0.034273197,,,0,,,0,,,,,,,,0.027265657,,,2.272291406,,,,,,,0,0,,,,,,,,,,,,,,,,,,,,,,,,,,,0,,0,,,,,,,0.000114771,,,,,,,,,,,,,0,,,,0,,,,,0,,,,0,,,,,,,,0,0.015018219,,,,,,,,,,,,,
Microinsurance,2005,Total coverage,MicroInsurance Centre,,,,,,,,,,0,,0,,,,,,,,,,,,,,,0,81434,,,250000,,0,,,,,35429,0,,126861,,0,,0,0,,,2559000,3600,11000,,,0,,,,,,304350,,0,,525,551422,0,85989,0,0,,0,,,,2500,0,,,114300,,,,218600,14071,0,,0,,0,,,,,,,,,,,0,,,,0,,,,,,,0,,,,,,,937,112000,,,75212,,,3000,,,,,,,,0,0,,0,,,,,,29035,0,2725,,,,,,,62000,,42000,4091292,,,,,,,,,284000,,,,,,,,616604,,,0,,,,,,,,,0,,0,,,,,,,,15908,,,,,,,,,1618236,,,,6000,,,,,38375,,,64000,0,,,,,,,,,,,,,
Microinsurance,2005,Credit life coverage,MicroInsurance Centre,,,,,,,,,,0,,0,,,,,,,,,,,,,,,0,28110,,,0,,0,,,,,19719,0,,0,,0,,0,0,,,42000,0,0,,,0,,,,,,0,,0,,0,550000,0,20989,,0,,0,,,,2500,0,,,109300,,,,0,0,0,,0,,0,,,,,,,,,,,0,,,,0,,,,,,,0,,,,,,,937,56000,,,0,,,0,,,,,,,,0,0,,0,,,,,,0,0,0,,,,,,,40000,,42000,3846838,,,,,,,,,0,,,,,,,,0,,,0,,,,,,,,,0,,0,,,,,,,,15908,,,,,,,,,1617236,,,,0,,,,,23375,,,32000,0,,,,,,,,,,,,,
Microinsurance,2005,Life coverage (excluding credit life),MicroInsurance Centre,,,,,,,,,,0,,0,,,,,,,,,,,,,,,0,2500,,,0,,0,,,,,0,0,,0,,0,,0,0,,,2517000,0,0,,,0,,,,,,0,,0,,525,0,0,65000,0,0,,0,,,,0,0,,,5000,,,,218000,0,0,,0,,0,,,,,,,,,,,0,,,,0,,,,,,,0,,,,,,,0,56000,,,0,,,0,,,,,,,,0,0,,0,,,,,,29035,0,2725,,,,,,,22000,,0,241295,,,,,,,,,0,,,,,,,,40604,,,0,,,,,,,,,0,,0,,,,,,,,0,,,,,,,,,0,,,,0,,,,,0,,,32000,0,,,,,,,,,,,,,
Microinsurance,2005,Life and accident coverage (excluding credit life),MicroInsurance Centre,,,,,,,,,,0,,0,,,,,,,,,,,,,,,0,5500,,,0,,0,,,,,0,0,,0,,0,,0,0,,,2517000,0,0,,,0,,,,,,0,,0,,525,0,0,65000,,0,,0,,,,0,0,,,5000,,,,218000,0,0,,0,,0,,,,,,,,,,,0,,,,0,,,,,,,0,,,,,,,0,56000,,,0,,,0,,,,,,,,0,0,,0,,,,,,29035,0,2725,,,,,,,22000,,0,241295,,,,,,,,,0,,,,,,,,40604,,,0,,,,,,,,,0,,0,,,,,,,,0,,,,,,,,,1600000,,,,0,,,,,0,,,32000,0,,,,,,,,,,,,,
Microinsurance,2005,Health coverage,MicroInsurance Centre,,,,,,,,,,0,,0,,,,,,,,,,,,,,,0,34722,,,250000,,0,,,,,15710,0,,126861,,0,,0,0,,,0,3600,11000,,,0,,,,,,304350,,0,,0,1422,0,0,0,0,,0,,,,0,0,,,0,,,,0,14071,0,,0,,0,,,,,,,,,,,0,,,,0,,,,,,,0,,,,,,,0,0,,,75212,,,3000,,,,,,,,0,0,,0,,,,,,0,0,0,,,,,,,0,,0,34454,,,,,,,,,284000,,,,,,,,576000,,,0,,,,,,,,,0,,0,,,,,,,,2008,,,,,,,,,18236,,,,6000,,,,,15000,,,0,0,,,,,,,,,,,,,
Microinsurance,2005,Accident coverage,MicroInsurance Centre,,,,,,,,,,0,,0,,,,,,,,,,,,,,,0,3000,,,0,,0,,,,,0,0,,0,,0,,0,0,,,0,0,0,,,0,,,,,,0,,0,,0,0,0,0,0,0,,0,,,,0,0,,,0,,,,218000,0,0,,0,,0,,,,,,,,,,,0,,,,0,,,,,,,0,,,,,,,0,0,,,0,,,0,,,,,,,,0,0,,0,,,,,,0,0,0,,,,,,,0,,0,0,,,,,,,,,0,,,,,,,,0,,,0,,,,,,,,,0,,0,,,,,,,,0,,,,,,,,,1600000,,,,0,,,,,0,,,0,0,,,,,,,,,,,,,
Microinsurance,2005,Property coverage,MicroInsurance Centre,,,,,,,,,,0,,0,,,,,,,,,,,,,,,0,0,,,0,,0,,,,,0,0,,0,,0,,0,0,,,0,0,0,,,0,,,,,,0,,0,,0,0,0,0,0,0,,0,,,,0,0,,,0,,,,600,0,0,,0,,0,,,,,,,,,,,0,,,,0,,,,,,,0,,,,,,,0,0,,,0,,,0,,,,,,,,0,0,,0,,,,,,0,0,0,,,,,,,0,,0,0,,,,,,,,,0,,,,,,,,0,,,0,,,,,,,,,0,,0,,,,,,,,0,,,,,,,,,266666.6667,,,,0,,,,,0,,,0,0,,,,,,,,,,,,,
Microinsurance,2005,Agriculture coverage,MicroInsurance Centre,,,,,,,,,,,,,,,,,,,,,,,,,,,,,,,,,,,,,,,,,,,,,,,,,,,,,,,,,,,,,,,,,,,,,,,,,,,,,,,,,,,,,,,,,,,,,,,,,,,,,,,,,,,,,,,,,,,,,,,,,,,,,,,,,,,,,,,,,,,,,,,,,,,,,,,,,,,,,,,,,,,,,,,,,,,,,,,,,,,,,,,,,,,,,,,,,,,,,,,,,,,,,,,,,,,,,,,,,,,,,,,,,,,,
Microinsurance,2005,Total coverage ratio,MicroInsurance Centre,,% of the population covered by microinsurance,,,,,,,,0,,0,,,,,,,,,,,,,,,0,1.066761753,,,2.733239638,,0,,,,,0.2495270086628391,0,,0.7227069062628731,,0,,0,0,,,5.945554888,0.5598982229452513,0.3113345298013657,,,0,,,,,,0.5300369787651878,,0,,0.005666935,4.106997541,0,1.421185278,,0,,0,,,,0.1823847018630233,0,,,0.5281932749304684,,,,1.718938058,0.1556277268862244,0,,0,,0,,,,,,,,,,,0,,,,0,,,,,,,0,,,,,,,0.005238743871103,0.8734586866129276,,,0.5707979316733353,,,0.0984494539172874,,,,,,,,0,0,,0,,,,,,0.535272889,0,0.0019488877894063,,,,,,,1.914572397,,0.712128015,14.84569939,,,,,,,,,3.086377155070999,,,,,,,,5.671534380165837,,,0,,,,,,,,,0,,0,,,,,,,,0.2941544114655872,,,,,,,,,5.691760363015228,,,,0.0154515626474337,,,,,0.144391767,,,0.5583489969129407,0,,,,,,,,,,,,,
Microinsurance,2005,Credit life coverage ratio,MicroInsurance Centre,,% of the population covered by microinsurance,,,,,,,,0,,0,,,,,,,,,,,,,,,0,0.368232837,,,0,,0,,,,,0.1388812296091485,0,,0,,0,,0,0,,,0.097582378,0,0,,,0,,,,,,0,,0,,0,4.096406468,0,0.346896205,,0,,0,,,,0.1823847018630233,0,,,0.5050877073482082,,,,0,0,0,,0,,0,,,,,,,,,,,0,,,,0,,,,,,,0,,,,,,,0.005238743871103,0.4367293433064638,,,0,,,0,,,,,,,,0,0,,0,,,,,,0,0,0,,,,,,,1.235207998,,0.712128015,13.95867138,,,,,,,,,0,,,,,,,,0,,,0,,,,,,,,,0,,0,,,,,,,,0.2941544114655872,,,,,,,,,5.688243100784617,,,,0,,,,,0.087951989,,,0.2791744984564704,0,,,,,,,,,,,,,
Microinsurance,2005,Life coverage ratio (excluding credit life),MicroInsurance Centre,,% of the population covered by microinsurance,,,,,,,,0,,0,,,,,,,,,,,,,,,0,0.03274927404,,,0,,0,,,,,0,0,,0,,0,,0,0,,,5.84797251,0,0,,,0,,,,,,0,,0,,0.005666935,0,0,1.074289073,,0,,0,,,,0,0,,,0.0231055675822602,,,,1.714220021,0,0,,0,,0,,,,,,,,,,,0,,,,0,,,,,,,0,,,,,,,0,0.4367293433064638,,,0,,,0,,,,,,,,0,0,,0,,,,,,0.535272889,0,0.0019488877894063,,,,,,,0.679364399,,0,0.875565233,,,,,,,,,0,,,,,,,,0.3734763024116834,,,0,,,,,,,,,0,,0,,,,,,,,0,,,,,,,,,0,,,,0,,,,,0,,,0.2791744984564704,0,,,,,,,,,,,,,
Microinsurance,2005,Life and accident coverage ratio (excluding credit life),MicroInsurance Centre,,% of the population covered by microinsurance,,,,,,,,0,,0,,,,,,,,,,,,,,,0,0.0720484029,,,0,,0,,,,,0,0,,0,,0,,0,0,,,5.84797251,0,0,,,0,,,,,,0,,0,,0.005666935,0,0,1.074289073,,0,,0,,,,0,0,,,0.0231055675822602,,,,1.714220021,0,0,,0,,0,,,,,,,,,,,0,,,,0,,,,,,,0,,,,,,,0,0.4367293433064638,,,0,,,0,,,,,,,,0,0,,0,,,,,,0.535272889,0,0.0019488877894063,,,,,,,0.679364399,,0,0.875565233,,,,,,,,,0,,,,,,,,0.3734763024116834,,,0,,,,,,,,,0,,0,,,,,,,,0,,,,,,,,,5.627619568977803,,,,0,,,,,0,,,0.2791744984564704,0,,,,,,,,,,,,,
Microinsurance,2005,Health coverage ratio,MicroInsurance Centre,,% of the population covered by microinsurance,,,,,,,,0,,0,,,,,,,,,,,,,,,0,0.45484811738,,,2.733239638,,0,,,,,0.1106457790536905,0,,0.7227069062628731,,0,,0,0,,,0,0.5598982229452513,0.3113345298013657,,,0,,,,,,0.5300369787651878,,0,,0,0.010591073,0,0,,0,,0,,,,0,0,,,0,,,,0,0.1556277268862244,0,,0,,0,,,,,,,,,,,0,,,,0,,,,,,,0,,,,,,,0,0,,,0.5707979316733353,,,0.0984494539172874,,,,,,,,0,0,,0,,,,,,0,0,0,,,,,,,0,,0,0.125020098,,,,,,,,,3.086377155070999,,,,,,,,5.298058077754153,,,0,,,,,,,,,0,,0,,,,,,,,0.0371298754226112,,,,,,,,,0.0641407940374245,,,,0.0154515626474337,,,,,0.056439779,,,0,0,,,,,,,,,,,,,
Microinsurance,2005,Accident coverage ratio,MicroInsurance Centre,,% of the population covered by microinsurance,,,,,,,,0,,0,,,,,,,,,,,,,,,0,0.039299128856,,,0,,0,,,,,0,0,,0,,0,,0,0,,,0,0,0,,,0,,,,,,0,,0,,0,0,0,0,,0,,0,,,,0,0,,,0,,,,1.714220021,0,0,,0,,0,,,,,,,,,,,0,,,,0,,,,,,,0,,,,,,,0,0,,,0,,,0,,,,,,,,0,0,,0,,,,,,0,0,0,,,,,,,0,,0,0,,,,,,,,,0,,,,,,,,0,,,0,,,,,,,,,0,,0,,,,,,,,0,,,,,,,,,5.627619568977803,,,,0,,,,,0,,,0,0,,,,,,,,,,,,,
Microinsurance,2005,Property coverage ratio,MicroInsurance Centre,,% of the population covered by microinsurance,,,,,,,,0,,0,,,,,,,,,,,,,,,0,0,,,0,,0,,,,,0,0,,0,,0,,0,0,,,0,0,0,,,0,,,,,,0,,0,,0,0,0,0,,0,,0,,,,0,0,,,0,,,,0.004718037,0,0,,0,,0,,,,,,,,,,,0,,,,0,,,,,,,0,,,,,,,0,0,,,0,,,0,,,,,,,,0,0,,0,,,,,,0,0,0,,,,,,,0,,0,0,,,,,,,,,0,,,,,,,,0,,,0,,,,,,,,,0,,0,,,,,,,,0,,,,,,,,,0.9379377672503774,,,,0,,,,,0,,,0,0,,,,,,,,,,,,,
Microinsurance,2005,Agriculture coverage ratio,MicroInsurance Centre,,% of the population covered by microinsurance,,,,,,,,,,,,,,,,,,,,,,,,,,,,,,,,,,,,,,,,,,,,,,,,,,,,,,,,,,,,,,,,,,,,,,,,,,,,,,,,,,,,,,,,,,,,,,,,,,,,,,,,,,,,,,,,,,,,,,,,,,,,,,,,,,,,,,,,,,,,,,,,,,,,,,,,,,,,,,,,,,,,,,,,,,,,,,,,,,,,,,,,,,,,,,,,,,,,,,,,,,,,,,,,,,,,,,,,,,,,,,,,,,
Demographics,2010,Population,World Development Indicators,,,,,,,,,,35468208,,19081912,,,40412376,,,,,,,,,,,,344700,8849892,,,9929849,,2006945,194946470,,,,16468714,8382849,,19598889,,495999,,4401051,11227208,17113688,,46294841,734750,4042899,,,19737800,,,,,,65965795,,888716,,9927320,14464739,81121077,6192993,700401,5253676,,82949541,,,,1505463,1728394,,,24391823,,,,14388929,9981590,1515224,,9993247,,7600524,,,,,,,,,,,2702300,,,,40512682,,,,,,,2171318,3994122,6355112,,,,,20713819,14900841,,,15369809,,,3459773,1280924,113423047,,,,,,31951412,23390765,,2283289,,,,,,5788163,15511953,158423182,,,,,,,3516820,,6454548,29076512,,,,,,,,,10624005,,,,,,,,12433728,,86525,5867536,,,,,,49991300,,,33603637,,1055506,,,,,,,,6027798,,,,10549100,,,,,33424683,,,,44841226,,,,,28834000,,,12926409,12571454,,,,,,,,,,,,,
Demographics,2010,Urban Population,World Development Indicators,,%,,,,,,,,72.865,,59.1426,,,92.4,,,,,,,,,,,,52.7,44.9086,,,66.5,,61.6148,86.5,,,,26.509,10.928,,52.085,,62.5786,,39.1006,21.8294,89,,75.1,28.0686,63.6494,,,51.2798,,,,,,34.279,,77.08,,70.5,66.9,43.5386,61.3,39.5122,21.363,,17.0184,,,,86.1478,57.2084,,,51.8684,,,,49.5,35.456,43.8974,,49.6,,48.8,,,,,,,,,,,53.7,,,,23.9842,,,,,,,27.5738,48.1822,77.735,,,,,32.5684,15.6956,,,34.9258,,,41.51,41.7974,77.8,,,,,,57.041,31.2156,,38.3908,,,,,,57.3,17.8684,49.6152,,,,,,,74.8,,61.5,71.6,,,,,,,,,19.1192,,,,,,,,42.5598,,53.6236,39.2558,,,,,,61.9868,,,33.2352,,21.2808,,,,,,,,38.02,,,,66.3142,,,,,15.579,,,,26.7424,,,,,94,,,39.1654,57.4189047,,,,,,,,,,,,,
Demographics,2010,Population ages 15-64,World Development Indicators,,%,,,,,,,,68.55845262,,51.26377072,,,64.69096441,,,,,,,,,,,,61.63875128,53.4430837,,,59.5874271,,63.69992766,67.82002229,,,,52.53311189,59.62441336,,56.03993418,,63.26650472,,55.92644077,51.84511349,68.78581742,,65.857387,54.66251248,55.83409908,,,55.49804189,,,,,,51.33896319,,61.20393877,,62.93436474,63.69448549,63.55575945,61.68002866,58.08692441,55.92645256,,55.81458433,,,,60.64905642,54.14573367,,,57.72691455,,,,54.50264804,53.9532063,55.56265146,,60.04647866,,59.45331636,,,,,,,,,,,63.66534195,,,,54.90302761,,,,,,,58.76079499,53.75090952,64.94694657,,,,,54.11642225,51.06931393,,,50.71782406,,,57.6405864,71.44827375,64.82202078,,,,,,66.79777224,52.73873357,,60.32643633,,,,,,61.48074817,48.85063108,53.78968285,,,,,,,64.62403764,,61.66656187,64.24074122,,,,,,,,,54.55332345,,,,,,,,54.10566927,,,55.24813976,,,,,,65.35422778,,,56.5943748,,58.70188668,,,,,,,,57.30522719,,,,69.76987477,,,,,49.17530545,,,,52.05569157,,,,,65.10191464,,,50.45034642,32.49697299,,,,,,,,,,,,,
Demographics,2010,Population Density,,,people per sq. km,,,,,,,,14.89172118,,15.30593727,,,15.02,,,,,,,,,,,,13.98,80.00263967,,,9.21,,3.541271858,23.89,,,,60.19266813,326.4349299,,41.46070318,,123.0766749,,7.06451411,8.916143583,22.34,,39.27,395.0268817,11.83865007,,,62.06855346,,,,,,29.09763569,,38.33977567,,204.57,52.92,81.49186499,288.57,24.96973262,52.01659406,,82.949541,,,,5.842601001,172.8394,,,107.1979564,,,,126.96,40.62180531,53.88421053,,350.27,,72.65,,,,,,,,,,,260.98,,,,71.18227853,,,,,,,71.51903821,41.46721346,3.611803085,,,,,35.6189067,158.0488014,,,12.59624239,,,3.356721645,630.9970443,57.89,,,,,,71.59178131,29.74486253,,2.773371473,,,,,,43.46,12.24595642,173.9442252,,,,,,,45.88,,15.88,22.76,,,,,,,,,430.6447102,,,,,,,,64.58073028,,188.0978261,81.92594247,,,,,,41.16305878,,,18.3299415,,61.36662791,,,,,,,,110.8254826,,,,67.90100412,,,,,167.2823332,,,,50.62229171,,,,,30.3,,,17.38846231,32.5,,,,,,,,,,,,,
Development,2010,Human Development Index,,,,,,,,,,,0.696,,0.482,,,0.794,,,,,,,,,,,,0.698,0.425,,,0.66,,0.631,0.715,,,,0.329,0.313,,0.479,,0.566,,0.339,0.326,0.802,,0.707,0.431,0.282,,,0.401,,,,,,0.528,,0.427,,0.686,0.718,0.644,0.672,0.534,0.345,,0.358,,,,0.67,0.418,,,0.533,,,,0.573,0.342,0.351,,0.499,,0.623,,,,,,,,,,,0.726,,,,0.505,,,,,,,0.446,0.325,0.77,,,,,0.481,0.395,,,0.356,,,0.451,0.726,0.767,,,,,,0.579,0.317,,0.622,,,,,,0.587,0.293,0.454,,,,,,,0.765,,0.662,0.721,,,,,,,,,0.425,,,,,,,,0.457,,0.771,0.334,,,,,,0.615,,,0.406,,0.52,,,,,,,,0.433,,,,0.698,,,,,0.442,,,,0.461,,,,,0.734,,,0.425,0.364,,,,,,,,,,,,,
Development,2010,"Literacy rate, total population ages 15 and above",World Development Indicators,,%,,,,,,,,72.6,,70,,,97.725,,,,,,,,,,,,,41.7,,,90.69,,84.1,90.03,,,,28.7,66.6,,70.7,,84.8,,55.2,33.6,98.649,,93.244,74.2,,,,55.3,,,,,,66.8,,,,88.244,84.207,66.4,84.103,93.3,66.6,,,,,,87.7,46.5,,,66.6,,,,74.47,39.5,52.2,,48.685,,83.589,,,,,,,,,,,86.361,,,,87,,,,,,,89.7,59.1,88.9,,,,,64.5,73.7,,,26.2,,,57.5,87.9,93.442,,,,,,56.1,55.1,,88.5,,,,,,78.003,,60.8,,,,,,,93.611,,94.558,89.591,,,,,,,,,70.7,,,,,,,,49.7,,91.8,40.9,,,,,,88.7,,,70.2,,86.9,,,,,,,,56.9,,,,77.6,,,,,71.4,,,,72.9,,,,,95.154,,,70.9,91.9,,,,,,,,,,,,,
Development,2010,"Literacy rate, female",CIA World Factbook,,%,,,,,,,,60.1,,54.2,,,97.2,,,,,,,,,,,,77.1,23.3,,,80.7,,81.8,88.8,,,,15.2,52.2,,67.8,,69.2,,33.5,12.8,95.6,,90.7,49.3,54.1,,,38.6,,,,,,54.1,,58.4,,87.2,89.7,59.4,79.6,80.5,47.6,,35.1,,,,53.3,32.8,,,49.8,,,,63.3,18.1,27.4,,51.2,,80.2,,,,,,,,,,,91.6,,,,79.7,,,,,,,94.5,41.6,72,,,,,62.5,49.8,,,39.6,,,43.4,80.5,85.3,,,,,,39.6,32.7,,83.5,,,,,,67.8,15.1,60.6,,,,,,,91.2,,93,89.4,,,,,,,,,64.7,,,,,,,,29.2,,92.3,24.4,,,,,,85.7,,,50.5,,80.8,,,,,,,,46.9,,,,65.3,,,,,57.7,,,,62.2,,,,,92.7,,,74.8,87.2,,,,,,,,,,,,,
Development,2010,"Literacy rate, male",CIA World Factbook,,%,,,,,,,,79.6,,82.9,,,97.2,,,,,,,,,,,,76.7,47.9,,,93.1,,80.4,88.4,,,,29.4,67.3,,84,,85.8,,64.8,40.8,95.8,,90.1,63.6,80.9,,,60.8,,,,,,80.9,,78,,86.8,92.3,83,82.8,93.4,69.9,,50.3,,,,73.7,47.8,,,66.4,,,,75.4,42.6,58.1,,54.8,,79.8,,,,,,,,,,,84.1,,,,90.6,,,,,,,74.5,73.3,92.4,,,,,75.5,76.1,,,53.5,,,59.5,88.4,86.9,,,,,,65.7,63.5,,86.8,,,,,,67.2,42.9,75.7,,,,,,,92.5,,94.9,96.4,,,,,,,,,76.3,,,,,,,,51.5,,91.4,46.9,,,,,,87,,,71.8,,82.6,,,,,,,,75.4,,,,83.4,,,,,76.8,,,,77.5,,,,,93.3,,,86.8,94.2,,,,,,,,,,,,,
Economy,2010,GDP,World Development Indicators,,USD,,,,,,,,1.61979E+11,,82470894868,,,3.68711E+11,,,,,,,,,,,,1401000000,6558349890,,,19649724656,,14904834649,2.14304E+12,,,,8825364008,2026862708,,22480348401,,1659053271,,1984747842,8540674846,2.16309E+11,,2.88765E+11,541097578.7,12007880067,,,22920506112,,,,,,13109525211,,,,51576212063,57978116000,2.18894E+11,21427900000,14500472162,2117008130,,29684016194,,,,13199637410,1050158837,,,32174576820,,,,41340507361,4735882580,835390893,,6634579143,,15343558028,,,,,,,,,,,13872093023,,,,32198151217,,,,,,,2179350967,987900000,,,,,,8720543554,5054150506,,,9422377319,,,3613898829,9714391397,1.03587E+12,,,,,,90802867575,9209366611,,11133250765,,,,,,6590593827,5410507420,1.96838E+11,,,,,,,26777100000,,18331385476,1.53883E+11,,,,,,,,,5624294585,,,,,,,,12855297513,,963006565.5,1909761902,,,,,,3.63523E+11,,,66996504056,,3697606785,,,,,,,,3176118222,,,,44238228308,,,,,17197398887,,,,22915004297,,,,,3.93808E+11,,,16192867758,,,,,,,,,,,,,,
Economy,2010,GDP per capita,World Development Indicators,,USD,,,,,,,,4494.886728,,4422.542824,,,9124.335133,,,,,,,,,,,,4064.403829,749.5069822,,,1978.854327,,7402.930987,10710.06597,,,,535.5799289,192.123814,,1142.59177,,3322.767263,,457.3941404,675.8290361,12431.03139,,6225.07784,736.4375815,2942.843871,,,1154.144866,,,,,,199.2717696,,1202.919901,,5214.536979,4008.237964,2698.365074,3425.597284,19997.8376,402.9574968,,358.2540523,,,,8642.803705,466.6319993,,,1283.45845,,,,2862.36698,451.8909178,579.793913,,671.4268953,,2026.218134,,,,,,,,,,,5274.036851,,,,775.2790328,,,,,,,982.1203346,246.9132374,9957.490406,,,,,421.0012434,342.6828732,,,601.9195565,,,1051.021826,7593.367875,9123.405857,,,,,,2795.542399,409.8277901,,5330.175866,,,,,,1131.824114,357.7121526,1222.477264,,,,,,,7588.893935,,2840.349596,5401.370135,,,,,,,,,529.712418,,,,,,,,1041.845526,,10824.72366,324.6703634,,,,,,7275.343964,,,1424.638758,,3073.435858,,,,,,,,523.1430943,,,,4198.542583,,,,,508.9282602,,,,527.0378467,,,,,13589.77221,,,1252.695718,594.5215247,,,,,,,,,,,,,
Economy,2010,GDP Growth (5 year average),,,%,,,,,,,,2.50127505,,11.95266781,,,6.777799476,,,,,,,,,,,,2.505850049,1.48,,,4.598722763,,3.01234539,4.411205428,,,,5.368839834,4.125043219,,2.844429317,,6.792989078,,2.9,0.54,3.273761679,,4.580805804,1.323681533,5.267536038,,,2.297728488,,,,,,5.523441314,,4.773798597,,7.121340879,3.594871066,6.184139507,1.463820988,7.930059852,-0.649308331,,10.40162785,,,,2.661761113,4.659121609,,,6.513604859,,,,3.659044393,2.168676532,3.005672341,,0.854704844,,3.525941262,,,,,,,,,,,-0.009834374,,,,4.554292883,,,,,,,4.040225687,6.880559834,5.54,,,,,3.075821143,7.36,,,4.72,,,4.19907288,4.482312091,1.773089473,,,,,,4.897785889,7.288344124,,4.369063246,,,,,,3.679408958,5.101133603,6.699965621,,,,,,,7.719586015,,5.621999156,7.213918239,,,,,,,,,7.5,,,,,,,,3.420207277,,4.719812293,5.481098336,,,,,,3.181328452,,,7.34162429,,2.041281002,,,,,,,,3.063364824,,,,4.646348661,,,,,8.066997922,,,,6.865847785,,,,,7.020584529,,,6.422701108,-1.165745887,,,,,,,,,,,,,
Finance,2011,Remittances received,Inter-American Development Bank and African Development Bank,,million USD,,,,,,,,5399,,969,,,1011,,,,,,,,,,,,107,263,,,1012,,,1974,,,,507,184,,267,,391,,73,137,936,,4168,85,423,,,282,,,,,,636,,,,3131,2673,3637,3650,77,411,,591,,,,60,87,,,851,,,,4377,286,,,2057,,2862,,,,,,,,,,,2025,,,,796,,,,,,,355,163,134,,,,,316,102,,,739,,,103,356,22731,,,,,,6116,565,,,,,,,,1053,205,5397,,,,,,,592,,789,2697,,,,,,,,,149,,,,,,,,667,,,168,,,,,,1489,,,769,,89,,,,,,,,142,,,,1559,,,,,642,,,,313,,,,,809,,,201,361,,,,,,,,,,,,,
Finance,2011,Number of MFIs,MIX Market,,,,,,,,,,,,1,,,12,,,,,,,,,,,,1,11,,,24,,,22,,,,9,2,,7,,,,1,1,5,,26,3,1,,,18,,,,,,8,,,,10,44,,13,,,,3,,,,,,,,20,,,,18,1,,,3,,20,,,,,,,,,,,1,,,,19,,,,,,,,1,,,,,,7,3,,,8,,,,,52,,,,,,,7,,1,,,,,,22,3,39,,,,,,,3,,6,59,,,,,,,,,12,,,,,,,,16,,,3,,,,,,3,,,,,,,,,,,,,11,,,,,,,,,9,,,,8,,,,,1,,,2,,,,,,,,,,,,,,
Finance,2011,Number of active MFI borrowers,MIX Market,,,,,,,,,,,,12686,,,39176,,,,,,,,,,,,4559,231167,,,1026029,,,2007737,,,,229930,13999,,85276,,,,2772,14765,263756,,2281547,11686,1679,,,56187,,,,,,113898,,,,407570,816170,,124753,,,,826132,,,,,,,,300878,,,,363421,6529,,,65498,,177545,,,,,,,,,,,13895,,,,1138766,,,,,,,,25814,,,,,,111971,123324,,,184384,,,,,5975311,,,,,,,44931,,,,,,,,302582,72149,977297,,,,,,,14866,,500660,3636903,,,,,,,,,79451,,,,,,,,350297,,,32955,,,,,,5959,,,,,,,,,,,,,109873,,,,,,,,,289186,,,,276302,,,,,44802,,,2040,,,,,,,,,,,,,,
Finance,2011,MFI Gross Loan Portfolio,MIX Market,,USD,,,,,,,,,,13223198,,,41685829,,,,,,,,,,,,14398437,126211478,,,3047668806,,,1838679288,,,,142096058,3955256,,212696515,,,,3577772,5995480,1639740254,,5212101435,31131523,1744403,,,67338385,,,,,,69558092,,,,644509950,2217140516,,368721258,,,,176035296,,,,,,,,224550128,,,,196070062,3141691,,,55953770,,234250336,,,,,,,,,,,9041762,,,,1710089143,,,,,,,,3686059,,,,,,73122230,27696107,,,74507024,,,,,1962828814,,,,,,,22297283,,2764984,,,,,,272883574,15817397,185567988,,,,,,,22136530,,986204462,8767290355,,,,,,,,,35557503,,,,,,,,400863292,,,4289851,,,,,,2535791279,,,,,,,,,,,,,144537613,,,,,,,,,295913870,,,,950449451,,,,,120928416,,,2105157,,,,,,,,,,,,,,
Finance,2011,Commercial deposit accounts,Swiss Re,,"per 1,000 adults ",,,,,,,,,,,,,,,,,,,,,,,,,,,,,,,,,,,,,,,,,,,,,,,,,,,,,,,,,,,,,,,,,,,,,,,,,,,,,,,,,,,,,,,,,,,,,,,,,,,,,,,,,,,,,,,,,,,,,,,,,,,,,,,,,,,,,,,,,,,,,,,,,,,,,,,,,,,,,,,,,,,,,,,,,,,,,,,,,,,,,,,,,,,,,,,,,,,,,,,,,,,,,,,,,,,,,,,,,,,,,,,,,,
Finance,2011,Coop and credit union deposit accounts,Swiss Re,,"per 1,000 adults ",,,,,,,,,,,,,,,,,,,,,,,,,,,,,,,,,,,,,,,,,,,,,,,,,,,,,,,,,,,,,,,,,,,,,,,,,,,,,,,,,,,,,,,,,,,,,,,,,,,,,,,,,,,,,,,,,,,,,,,,,,,,,,,,,,,,,,,,,,,,,,,,,,,,,,,,,,,,,,,,,,,,,,,,,,,,,,,,,,,,,,,,,,,,,,,,,,,,,,,,,,,,,,,,,,,,,,,,,,,,,,,,,,
Finance,2011,State Financial Institution deposit accounts,Swiss Re,,"per 1,000 adults ",,,,,,,,,,,,,,,,,,,,,,,,,,,,,,,,,,,,,,,,,,,,,,,,,,,,,,,,,,,,,,,,,,,,,,,,,,,,,,,,,,,,,,,,,,,,,,,,,,,,,,,,,,,,,,,,,,,,,,,,,,,,,,,,,,,,,,,,,,,,,,,,,,,,,,,,,,,,,,,,,,,,,,,,,,,,,,,,,,,,,,,,,,,,,,,,,,,,,,,,,,,,,,,,,,,,,,,,,,,,,,,,,,
Finance,2011,MFI deposit accounts,Swiss Re,,"per 1,000 adults ",,,,,,,,,,,,,,,,,,,,,,,,,,,,,,,,,,,,,,,,,,,,,,,,,,,,,,,,,,,,,,,,,,,,,,,,,,,,,,,,,,,,,,,,,,,,,,,,,,,,,,,,,,,,,,,,,,,,,,,,,,,,,,,,,,,,,,,,,,,,,,,,,,,,,,,,,,,,,,,,,,,,,,,,,,,,,,,,,,,,,,,,,,,,,,,,,,,,,,,,,,,,,,,,,,,,,,,,,,,,,,,,,,
Finance,2010,Remittances received,Inter-American Development Bank and African Development Bank,,million USD,,,,,,,,,,,,,,,,,,,,,,,,,,,,,,,,,,,,,,,,,,,,,,,,,,,,,,,,,,,,,,,,,,,,,,,,,,,,,,,,,,,,,,,,,,,,,,,,,,,,,,,,,,,,,,,,,,,,,,,,,,,,,,,,,,,,,,,,,,,,,,,,,,,,,,,,,,,,,,,,,,,,,,,,,,,,,,,,,,,,,,,,,,,,,,,,,,,,,,,,,,,,,,,,,,,,,,,,,,,,,,,,,,
Finance,2010,Number of MFIs,MIX Market,,,,,,,,,,,,,,,,,,,,,,,,,,,,,,,,,,,,,,,,,,,,,,,,,,,,,,,,,,,,,,,,,,,,,,,,,,,,,,,,,,,,,,,,,,,,,,,,,,,,,,,,,,,,,,,,,,,,,,,,,,,,,,,,,,,,,,,,,,,,,,,,,,,,,,,,,,,,,,,,,,,,,,,,,,,,,,,,,,,,,,,,,,,,,,,,,,,,,,,,,,,,,,,,,,,,,,,,,,,,,,,,,,,,
Finance,2010,Number of active MFI borrowers,MIX Market,,,,,,,,,,,,,,,,,,,,,,,,,,,,,,,,,,,,,,,,,,,,,,,,,,,,,,,,,,,,,,,,,,,,,,,,,,,,,,,,,,,,,,,,,,,,,,,,,,,,,,,,,,,,,,,,,,,,,,,,,,,,,,,,,,,,,,,,,,,,,,,,,,,,,,,,,,,,,,,,,,,,,,,,,,,,,,,,,,,,,,,,,,,,,,,,,,,,,,,,,,,,,,,,,,,,,,,,,,,,,,,,,,,,
Finance,2010,MFI Gross Loan Portfolio,MIX Market,,USD,,,,,,,,,,,,,,,,,,,,,,,,,,,,,,,,,,,,,,,,,,,,,,,,,,,,,,,,,,,,,,,,,,,,,,,,,,,,,,,,,,,,,,,,,,,,,,,,,,,,,,,,,,,,,,,,,,,,,,,,,,,,,,,,,,,,,,,,,,,,,,,,,,,,,,,,,,,,,,,,,,,,,,,,,,,,,,,,,,,,,,,,,,,,,,,,,,,,,,,,,,,,,,,,,,,,,,,,,,,,,,,,,,
Finance,2010,Commercial deposit accounts,Swiss Re,,"per 1,000 adults ",,,,,,,,736.5648,,,,,906.29,,,,,,,,,,,,,99.84682,,,337.5,,479.3566,1065.35,,,,67.61491,23.35308,,,,1137.827,,,,729.76,,1267.44,,,,,75.4437,,,,,,,,,,,569.24,,825,,,,93.59313,,,,,283.2045,,,332.6091,,,,1139.58,,5.813542,,,,758.02,,,,,,,,,,,,,,,381.6241,,,,,,,254.4147,102.0773,,,,,,,163.435,,,116.0216,,,,2109.039,1096.76,,,,,,265.2785,140.502,,757.6134,,,,,,,25.07494,461.2101,,,,,,,411.92,,108.74,783.37,,,,,,,,,226.1456,,,,,,,,109.3492,,,98.6225,,,,,,839.1341,,,,,236.1068,,,,,,,,186.7259,,,,639.662,,,,,173.2121,,,,,,,,,1246.39,,,27.58988,144.3648,,,,,,,,,,,,,
Finance,2010,Coop and credit union deposit accounts,Swiss Re,,"per 1,000 adults ",,,,,,,,,,,,,0.14,,,,,,,,,,,,,,,,185.98,,8.076175,3.79,,,,,81.39767,,,,,,,,73.43,,27.34,,,,,,,,,,,,,,,,372.06,,23.35,,,,,,,,,37.00396,,,,,,,,,,,,,,,,,,,,,,,,982.43,,,,,,,,,,,,,,,,,,,12.13443,,,,,,,,7.24,,,,,,112.3551,,,,,,,,,,,,,,,,,,,,,,,,,,,,,,,,,,,,,,,,,,,,,,,,,,,,,,,,,,,,,,,,,,,,,,,,,,,,,,,,,,,,,,,,,,,,,,,
Finance,2010,State Financial Institution deposit accounts,Swiss Re,,"per 1,000 adults ",,,,,,,,,,,,,,,,,,,,,,,,,,,,,,,421.0981,0.56,,,,,1.037058,,,,,,,,1293.17,,,,,,,,,,,,,,,,,,100.88,,,,,,0.0821646,,,,,,,,,,,,,,,,,,31.58,,,,,,,,,,,,,,,,,,,,,,64.95679,,,,,,,,,,,,,,,,63.2,,,,,,34.50441,,,,,,,,,,,,,,,,,,351.35,,,242.89,,,,,,,,,,,,,,,,,,,,,,,,,,,,,,,147.3844,,,,,,,,,,,,503.702,,,,,,,,,,,,,,0.72,,,16.59411,34.23818,,,,,,,,,,,,,
Finance,2010,MFI deposit accounts,Swiss Re,,"per 1,000 adults ",,,,,,,,,,,,,,,,,,,,,,,,,,174.071,,,171.74,,3.973953,1.09,,,,100.3489,7.354789,,,,,,,,,,,,,,,95.11739,,,,,,,,,,,,,0.36,,,,50.35405,,,,,166.8304,,,,,,,,,,,,,,,,,,,,,,,,,,,,7.995184,,,,,,,,,,,,,,33.29445,,,,107.1084,,,,,30.24,,,,,,,,,,,,,,,,26.83195,34.00324,,,,,,,5.5,,,84.88,,,,,,,,,,,,,,,,,96.71864,,,,,,,,,,,,,,,,,,,,,,104.2594,,,,,,,,,22.52252,,,,,,,,,,,,0.1702633,,,,,,,,,,,,,,
Health,2008,Public Expenditures on health,World Development Indicators,,% of GDP,,,,,,,,3.6,,2,,,5.1,,,,,,,,,,,,2.6,2.5,,,3.4,,4.3,3.5,,,,3.4,5.2,,1.3,,3.4,,1.4,2.7,3.7,,5.1,1.9,1.2,,,1,,,,,,1.7,,5.5,,1.9,2.3,2.4,3.6,1.7,1.5,,2.2,,,,3,2.6,,,4.3,,,,2.1,0.6,1.6,,1.2,,4.1,,,,,,,,,,,2.4,,,,2,,,,,,,3.6,2.8,1.9,,,,,2.7,5.9,,,2.9,,,1.6,2,2.7,,,,,,1.7,3.5,,3.2,,,,,,4.5,2.8,1.7,,,,,,,4.3,,2.4,2.5,,,,,,,,,4.9,,,,,,,,3.2,,3.6,1.4,,,,,,3.6,,,1.3,,3.8,,,,,,,,1.5,,,,3,,,,,1.6,,,,3.5,,,,,2.7,,,3.6,4.1,,,,,,,,,,,,,
Health,2008,Per Capita total expenditure on health,World Health Organization,,USD,,,,,,,,272,,148,,,610,,,,,,,,,,,,202,32,,,78,,530,721,,,,37,19,,65,,152,,20,49,762,,317,28,81,,,61,,,,,,13,,80,,261,231,97,217,545,10,,14,,,,264,27,,,55,,,,184,21,26,,40,,121,,,,,,,,,,,256,,,,21,,,,,,,60,26,458,,,,,22,18,,,39,,,27,402,588,,,,,,149,21,,284,,,,,,105,21,73,,,,,,,493,,161,200,,,,,,,,,45,,,,,,,,62,,459,47,,,,,,459,,,97,,141,,,,,,,,38,,,,248,,,,,44,,,,22,,,,,597,,,68,,,,,,,,,,,,,,
Health,2008,Private expenditures on health,World Health Organization,,% of total health expenditures,,,,,,,,13.9,,15,,,42.7,,,,,,,,,,,,29.8,48.3,,,34.3,,21.8,56,,,,40.9,60,,77.3,,26.9,,60.7,49.4,56,,16.1,39.6,50.1,,,83.1,,,,,,45.8,,23.5,,62.9,54,57.8,40.4,22.8,55.1,,48.1,,,,56.3,51.9,,,50,,,,64.3,86.4,82.3,,77.9,,41.4,,,,,,,,,,,49.6,,,,63.7,,,,,,,36.7,67,29.7,,,,,29.8,39.4,,,52.9,,,38.6,65.2,53.1,,,,,,63.7,24.8,,45.4,,,,,,45.4,42.3,63.3,,,,,,,30.7,,59.9,40.6,,,,,,,,,52.2,,,,,,,,44.6,,25.2,93.5,,,,,,60.3,,,66.9,,39.2,,,,,,,,75.5,,,,45.9,,,,,82.6,,,,27.7,,,,,55.1,,,38,,,,,,,,,,,,,,
Health,2008,Out of pocket expenditures on health,World Health Organization,,% of privative health expenditures,,,,,,,,94.7,,100,,,59.2,,,,,,,,,,,,100,92.6,,,80.6,,33.1,57.1,,,,92.9,63.4,,95.1,,99.7,,95,96.7,65.2,,48.7,100,100,,,91,,,,,,85.5,,98.6,,66.3,87.3,97.7,88.8,80.9,100,,80,,,,100,48.4,,,78.8,,,,89.3,99.4,71.7,,60.8,,83.4,,,,,,,,,,,71,,,,77.2,,,,,,,68.9,52.2,100,,,,,67.6,30.1,,,99.5,,,100,88.7,92.9,,,,,,86.3,28.2,,17.9,,,,,,92.2,96.2,95.4,,,,,,,83.5,,88.2,75.4,,,,,,,,,44.4,,,,,,,,78.5,,30.9,89.5,,,,,,29.7,,,95.8,,42.2,,,,,,,,84.2,,,,87.1,,,,,65.4,,,,65.1,,,,,89.5,,,74.5,,,,,,,,,,,,,,
Health,2008,External Resources for health,World Health Organization,, % of total expenditures,,,,,,,,0,,3,,,10.4,,,,,,,,,,,,1.6,17.7,,,8.8,,4.2,0,,,,29.2,34.5,,5.5,,14.1,,31.5,5.3,0,,0.1,20.3,4.7,,,5.9,,,,,,18.8,,33.1,,1.6,1,0.6,3.5,2.7,60.8,,40.7,,,,2.3,38,,,14,,,,1.8,10.1,52.5,,34.7,,10.4,,,,,,,,,,,1.5,,,,26.8,,,,,,,19.3,47,0.1,,,,,16.1,88.9,,,22.2,,,27.4,2,0,,,,,,0.2,80.8,,21.4,,,,,,10.3,26.3,4.6,,,,,,,0.2,,1.6,0.8,,,,,,,,,42.6,,,,,,,,11.4,,1.6,17,,,,,,1.2,,,4.3,,11.1,,,,,,,,14.1,,,,0.5,,,,,27.9,,,,59.5,,,,,0,,,38.4,,,,,,,,,,,,,,
Health,2008,Under 5 mortality rate,World Health Organization,,deaths per 1000 live births,,,,,,,,32,,161,,,14,,,,,,,,,,,,18,118,,,51,,57,21,,,,166,166,,154,,28,,171,209,9,,19,104,199,,,119,,,,,,128,,94,,32,24,21,17,145,55,,104,,,,69,103,,,69,,,,40,142,193,,87,,30,,,,,,,,,,,31,,,,84,,,,,,,84,112,19,,,,,58,110,,,191,,,117,17,17,,,,,,38,142,,48,,,,,,26,160,138,,,,,,,23,,23,21,,,,,,,,,111,,,,,,,,93,,12,192,,,,,,62,,,108,,73,,,,,,,,98,,,,21,,,,,128,,,,108,,,,,18,,,141,90,,,,,,,,,,,,,
Health,2008,Maternal mortality rates,UNDP,,"deaths per 100,000 live births",,,,,,,,120,,610,,,70,,,,,,,,,,,,94,410,,,180,,190,58,,,,560,970,,600,,94,,850,1200,26,,85,340,670,,,470,,,,,,580,,300,,100,140,82,110,280,280,,470,,,,260,400,,,350,,,,110,680,1000,,300,,110,,,,,,,,,,,89,,,,530,,,,,,,530,990,64,,,,,440,510,,,830,,,550,36,85,,,,,,110,550,,180,,,,,,100,820,840,,,,,,,71,,95,98,,,,,,,,,540,,,,,,,,410,,,970,,,,,,410,,,750,,420,,,,,,,,350,,,,60,,,,,430,,,,790,,,,,68,,,470,790,,,,,,,,,,,,,
Health,2008,Avgerage life expectancy,World Development Indicators,,years,,,,,,,,72,,52,,,75.46409756,,,,,,,,,,,,75.6185122,57,,,65.96385366,,61,72.75980488,,,,52,50,,51,,71,,48,48,78.76270732,,73.20997561,60,55,,,50,,,,,,49,,60,,72.96197561,75.30219512,71,71.52060976,53,66,,54,,,,62,60,,,60,,,,70.58463415,52,49,,61.43468293,,72.532,,,,,,,,,,,72.59465854,,,,60,,,,,,,48,56,72,,,,,65,47,,,53,,,58,73,76.46556098,,,,,,73,49,,57,,,,,,73.43443902,57,54,,,,,,,75.8012439,,72.06831707,73.54307317,,,,,,,,,59,,,,,,,,62,,73,49,,,,,,54,,,59,,49,,,,,,,,59,,,,75,,,,,52,,,,55,,,,,73.94243902,,,48,49,,,,,,,,,,,,,
Health,2008,"Avgerage life expectancy, male",World Development Indicators,,years,,,,,,,,71,,51,,,71.5,,,,,,,,,,,,73.9,54,,,63.4,,59,68.7,,,,49,49,,51,,66,,49,47,75.5,,69.2,58,53,,,49,,,,,,47,,58,,69.9,72.1,69,66.6,53,64,,53,,,,60,58,,,57,,,,66.7,49,47,,59.9,,69.7,,,,,,,,,,,69.6,,,,58,,,,,,,46,54,70,,,,,63,44,,,50,,,57,69,73.7,,,,,,71,47,,53,,,,,,69.9,57,53,,,,,,,73,,69.7,70.6,,,,,,,,,57,,,,,,,,60,,69,48,,,,,,54,,,59,,47,,,,,,,,57,,,,73,,,,,48,,,,53,,,,,70.8,,,46,47,,,,,,,,,,,,,
Health,2008,"Avgerage life expectancy, female",World Development Indicators,,years,,,,,,,,74,,53,,,79.1,,,,,,,,,,,,76.8,60,,,67.7,,62,75.9,,,,56,51,,51,,75,,48,48,81.7,,76.7,62,57,,,52,,,,,,51,,62,,75.4,78.1,73,76.1,54,68,,56,,,,64,61,,,64,,,,73.8,55,51,,62,,74.5,,,,,,,,,,,75,,,,62,,,,,,,50,57,75,,,,,67,51,,,56,,,60,76,78.6,,,,,,75,51,,62,,,,,,76.1,58,54,,,,,,,78.2,,73.9,75.9,,,,,,,,,60,,,,,,,,63,,77,50,,,,,,55,,,59,,50,,,,,,,,61,,,,77,,,,,57,,,,58,,,,,76.8,,,50,50,,,,,,,,,,,,,
Health,2008, Physician Density,World Bank,,doctors per 1000 people,,,,,,,,1.207,,0.08,,,3.21,,,,,,,,,,,,0.828,0.059,,,,,0.336,1.764,,,,0.064,0.03,,0.19,,0.572,,0.08,0.04,1.026,,0.147,0.15,0.095,,,1.44,,,,,,0.11,,0.229,,,1.687,2.83,1.596,0.3,0.05,,0.022,,,,0.29,0.038,,,0.085,,,,,0.1,0.045,,,,,,,,,,,,,,,0.85,,,,0.14,,,,,,,0.05,0.014,1.9,,,,,0.161,0.019,,,0.049,,,0.13,1.06,1.959,,,,,,0.62,0.027,,0.374,,,,,,0.37,0.019,0.395,,,,,,,,,1.11,0.92,,,,,,,,,0.024,,,,,,,,0.059,,1.51,0.016,,,,,,0.77,,,0.28,,0.16,,,,,,,,0.053,,,,1.19,,,,,0.117,,,,0.008,,,,,,,,0.055,0.16,,,,,,,,,,,,,
Index Coverage Indicators,2010,"Impact of natural disasters, number of deaths",World Health Organization and UDNESA,,average per year per million people,,,,,,,,4,,2,,,0,,,,,,,,,,,,13,1,,,5,,0,1,,,,1,2,,0,,1,,0,2,1,,4,0,0,,,0,,,,,,0,,6,,9,1,0,7,,0,,2,,,,0,1,,,1,,,,14,0,0,,66,,4,,,,,,,,,,,3,,,,2,,,,,,,0,0,,,,,,5,4,,,0,,,1,0,1,,,,,,1,1,,7,,,,,,7,0,0,,,,,,,2,,0,6,,,,,,,,,1,,,,,,,,0,,0,3,,,,,,1,,,1,,0,,,,,,,,1,,,,0,,,,,2,,,,0,,,,,1,,,1,0,,,,,,,,,,,,,
Index Coverage Indicators,2010,"Impact of natural disasters, population affected",World Health Organization and UDNESA,,average per year per million people,,,,,,,,564,,4989,,,1790,,,,,,,,,,,,28239,12662,,,18428,,499,3440,,,,2723,29916,,204,,6048,,1696,33141,3051,,14482,381,325,,,96,,,,,,2102,,82450,,3480,3769,5,9436,,32492,,35049,,,,149,4106,,,2925,,,,26888,3355,12575,,12565,,13628,,,,,,,,,,,15757,,,,27446,,,,,,,45203,924,,,,,,17121,64924,,,11678,,,41693,81,7097,,,,,,419,25059,,40481,,,,,,11487,96596,1295,,,,,,,3612,,7307,20752,,,,,,,,,9919,,,,,,,,7377,,7860,361,,,,,,30398,,,13909,,117337,,,,,,,,4972,,,,320,,,,,9460,,,,13270,,,,,704,,,32196,78319,,,,,,,,,,,,,
Index Coverage Indicators,2010,Permanent cropland,World Bank,,% of total land area,,,,,,,,,,,,,,,,,,,,,,,,,,,,,,,,,,,,,,,,,,,,,,,,,,,,,,,,,,,,,,,,,,,,,,,,,,,,,,,,,,,,,,,,,,,,,,,,,,,,,,,,,,,,,,,,,,,,,,,,,,,,,,,,,,,,,,,,,,,,,,,,,,,,,,,,,,,,,,,,,,,,,,,,,,,,,,,,,,,,,,,,,,,,,,,,,,,,,,,,,,,,,,,,,,,,,,,,,,,,,,,,,,
Index Coverage Indicators,2009,"Impact of natural disasters, number of deaths",World Health Organization and UDNESA,,average per year per million people,,,,,,,,,,,,,,,,,,,,,,,,,,,,,,,,,,,,,,,,,,,,,,,,,,,,,,,,,,,,,,,,,,,,,,,,,,,,,,,,,,,,,,,,,,,,,,,,,,,,,,,,,,,,,,,,,,,,,,,,,,,,,,,,,,,,,,,,,,,,,,,,,,,,,,,,,,,,,,,,,,,,,,,,,,,,,,,,,,,,,,,,,,,,,,,,,,,,,,,,,,,,,,,,,,,,,,,,,,,,,,,,,,
Index Coverage Indicators,2009,"Impact of natural disasters, population affected",World Health Organization and UDNESA,,average per year per million people,,,,,,,,,,,,,,,,,,,,,,,,,,,,,,,,,,,,,,,,,,,,,,,,,,,,,,,,,,,,,,,,,,,,,,,,,,,,,,,,,,,,,,,,,,,,,,,,,,,,,,,,,,,,,,,,,,,,,,,,,,,,,,,,,,,,,,,,,,,,,,,,,,,,,,,,,,,,,,,,,,,,,,,,,,,,,,,,,,,,,,,,,,,,,,,,,,,,,,,,,,,,,,,,,,,,,,,,,,,,,,,,,,
Index Coverage Indicators,2009,Permanent cropland,World Bank,,% of total land area,,,,,,,,0.392570138,,0.232614101,,,0.365404923,,,,,,,,,,,,1.402893468,2.711986982,,,0.202160066,,0.003529017,0.862943322,,,,0.237573099,13.62928349,,2.961646676,,0.744416873,,0.136440977,0.025412961,0.61463559,,1.423163587,32.25806452,0.175695461,,,13.52201258,,,,,,0.330826404,,,,9.726821192,5.431631503,0.808679492,11.1003861,2.495543672,0.01980198,,1.037,,,,0.582139946,0.5,,,12.3055287,,,,8.818589026,2.808074231,8.890469417,,10.88534107,,3.664313165,,,,,,,,,,,9.233610342,,,,1.142074006,,,,,,,0.131752306,2.180232558,0.170499108,,,,,1.031743302,1.294017819,,,0.08195445,,,0.010672359,1.97044335,1.388924612,,,,,,2.240645306,0.31791246,,0.009717111,,,,,,1.911251454,0.047367175,3.293916137,,,,,,,1.97740113,,0.251698968,0.6171875,,,,,,,,,11.34981759,,,,,,,,0.285669766,,4.347826087,1.815135437,,,,,,0.782234226,,,0.097222222,,0.872093023,,,,,,,,3.309431881,,,,14.34732235,,,,,11.26069766,,,,1.693384511,,,,,0.736919676,,,0.047081613,82.4,,,,,,,,,,,,,
Poverty,2010,Income share held by poorest 20% of the population,World Development Indicators,,,,,,,,,,,,,,,0.0438,,,,,,,,,,,,,6.99,,,0.0213,,,0.0285,,,,6.72,8.96,,6.73,,,,3.37,6.26,0.0426,,0.03,2.55,4.96,,,5.6,,,,,,5.47,,,,0.0467,0.0429,9.24,0.0371,,,,9.26,,,,6.16,4.79,,,5.24,,,,0.0308,6.35,,,,,0.0202,,,,,,,,,,,,,,,4.84,,,,,,,2.97,6.44,,,,,,5.41,7.01,,,7.97,,,6.02,,0.0473,,,,,,6.52,5.23,,3.15,,,,,,0.0622,8.09,4.41,,,,,,,0.033,,0.0326,0.0391,,,,,,,,,5.16,,,,,,,,6.22,,3.71,6.09,,,,,,2.7,,,6.81,,4.05,,,,,,,,7.62,,,,5.92,,,,,5.84,,,,6.8,,,,,0.0428,,,3.57,,,,,,,,,,,,,,
Poverty,2010,Poverty headcount ratio at 2 USD a day,World Development Indicators,,% of the population,,,,,,,,,,,,,1.87,,,,,,,,,,,,0,75.32,,,24.89,,,10.82,,,,72.56,93.45,,30.36,,,,80.09,83.28,2.72,,15.82,64.98,74.4,,,46.34,,,,,,95.15,,,,9.88,10.59,15.43,16.94,,,,77.63,,,,19.59,55.93,,,51.84,,,,39.56,69.59,,,0,,29.84,,,,,,,,,,,8.5,,,,67.21,,,,,,,62.25,94.88,,,,,,92.62,90.45,,,78.66,,,47.69,,5.19,,,,,,14.03,81.77,,51.1,,,,,,0,75.23,84.49,,,,,,,13.8,,13.22,12.74,,,,,,,,,82.37,,,,,,,,60.36,,1.84,,,,,,,31.33,,,44.14,,60.4,,,,,,,,69.31,,,,8.06,,,,,64.74,,,,87.87,,,,,29.53,,,82.55,72,,,,,,,,,,,,,
Poverty,2010,Poverty headcount ratio at rural poverty line,World Development Indicators,,% of rural population,,,,,,,,,,,,,0,,,,,,,,,,,,44.2,46,,,77.3,,44.8,0,,,,52.6,68.9,,55,,44.3,,69.4,58.6,12.9,,50.3,48.7,57.7,,,54.2,,,,,,75.7,,,,53,46.5,30,70.5,79.9,,,39.3,,,,44.6,73.9,,,39.2,,,,0,63,59.9,,65.4,,25.1,,,,,,,,,,,23,,,,69.1,,,,,,,60.5,67.7,,,,,,73.5,55.9,,,50.6,,,59.4,,60.8,,,,,,14.5,56.9,,49,,,,,,67.9,63.9,63.8,,,,,,,59.8,,48.9,48.9,,,,,,,,,48.7,,,,,,,,61.9,,,78.5,,,,,,,,,57.6,,,,,,,,,,74.3,,,,,,,,,27.2,,,,37.4,,,,,0,,,76.8,38.6206,,,,,,,,,,,,,
Poverty,2010,Poverty headcount ratio at urban poverty line,World Development Indicators,,% of urban populatio),,,,,,,,,,,,,9.9,,,,,,,,,,,,23.7,29,,,50.9,,19.4,0,,,,27.9,34,,12.2,,13.2,,49.6,24.6,15.5,,33,34.5,,,,29.4,,,,,,61.5,,,,28.6,22.5,10.6,33.3,31.5,,,35.1,,,,29.8,32.7,,,10.8,,,,30,30.5,,,0,,54.3,,,,,,,,,,,10.6,,,,33.7,,,,,,,41.5,55.1,,,,,,52,25.4,,,25.5,,,20.8,,45.5,,,,,,4.8,49.6,,17,,,,,,29.1,36.7,43.1,,,,,,,17.7,,24.7,19.1,,,,,,,,,22.1,,,,,,,,35.1,,,47,,,,,,,,,26.5,,,,,,,,,,36.8,,,,,,,,,9.1,,,,21.8,,,,,0,,,26.7,,,,,,,,,,,,,,
Poverty,2010,Poverty headcount ratio at national poverty line,World Development Indicators,,% population,,,,,,,,,,,,,,,,,,,,,,,,,33.5,39,,,60.1,,,21.4,,,,46.7,66.9,,39.9,,26.6,,62,55,15.1,,37.2,44.8,50.1,,,42.7,,,,,,71.3,,,,34.4,37.8,22,51,76.8,,,38.9,,,,32.7,48.4,,,28.5,,,,60,53,,,9.9,,51.3,,,,,,,,,,,46.2,,,,45.9,,,,,,,56.6,63.8,,,,,,68.7,52.4,,,47.4,,,42,,32.7,,,,,,9,54.7,,38,,,,,,31.3,59.5,54.7,,,,,,,31.3,,31.3,28.5,,,,,,,,,44.9,,,,,,,,50.8,,,66.4,,,,,,23,,,46.5,,,,,,,,,,61.7,,,,3.8,,,,,24.5,,,,33.4,,,,,,,,59.3,,,,,,,,,,,,,,
Poverty,2010,GINI Index,World Development Indicators,,,,,,,,,,,,,,,44.49,,,,,,,,,,,,,38.62,,,56.29,,,54.69,,,,39.79,33.27,,38.91,,,,56.3,39.78,52.06,,55.91,64.3,47.32,,,41.5,,,,,,44.43,,,,47.2,49.26,30.77,48.33,,,,29.83,,,,41.45,47.28,,,42.76,,,,55.89,39.35,,,,,56.95,,,,,,,,,,,,,,,47.68,,,,,,,52.5,38.16,,,,,,44.11,39.02,,,33.02,,,40.46,,48.28,,,,,,40.88,45.66,,63.9,,,,,,,34.55,48.83,,,,,,,51.92,,52.42,48.14,,,,,,,,,53.09,,,,,,,,39.19,,65.77,42.52,,,,,,63.14,,,35.29,,51.49,,,,,,,,34.41,,,,41.42,,,,,44.3,,,,37.58,,,,,44.77,,,54.63,,,,,,,,,,,,,,
Poverty,2010,"Avgerage life expectancy, male",World Development Indicators,,years,,,,,,,,71,,51,,,71.5,,,,,,,,,,,,73.9,54,,,63.4,,59,68.7,,,,49,49,,51,,66,,49,47,75.5,,69.2,58,53,,,49,,,,,,47,,58,,69.9,72.1,69,66.6,53,64,,53,,,,60,58,,,57,,,,66.7,49,47,,59.9,,69.7,,,,,,,,,,,69.6,,,,58,,,,,,,46,54,70,,,,,63,44,,,50,,,57,69,73.7,,,,,,71,47,,53,,,,,,69.9,57,53,,,,,,,73,,69.7,70.6,,,,,,,,,57,,,,,,,,60,,69,48,,,,,,54,,,59,,47,,,,,,,,57,,,,73,,,,,48,,,,53,,,,,70.8,,,46,47,,,,,,,,,,,,,
Poverty,2010,"Avgerage life expectancy, female",World Development Indicators,,years,,,,,,,,74,,53,,,79.1,,,,,,,,,,,,76.8,60,,,67.7,,62,75.9,,,,56,51,,51,,75,,48,48,81.7,,76.7,62,57,,,52,,,,,,51,,62,,75.4,78.1,73,76.1,54,68,,56,,,,64,61,,,64,,,,73.8,55,51,,62,,74.5,,,,,,,,,,,75,,,,62,,,,,,,50,57,75,,,,,67,51,,,56,,,60,76,78.6,,,,,,75,51,,62,,,,,,76.1,58,54,,,,,,,78.2,,73.9,75.9,,,,,,,,,60,,,,,,,,63,,77,50,,,,,,55,,,59,,50,,,,,,,,61,,,,77,,,,,57,,,,58,,,,,76.8,,,50,50,,,,,,,,,,,,,
Poverty,2010, Physician Density,World Bank,,doctors per 1000 people,,,,,,,,1.207,,0.08,,,3.21,,,,,,,,,,,,0.828,0.059,,,,,0.336,1.764,,,,0.064,0.03,,0.19,,0.572,,0.08,0.04,1.026,,0.147,0.15,0.095,,,1.44,,,,,,0.11,,0.229,,,1.687,2.83,1.596,0.3,0.05,,0.022,,,,0.29,0.038,,,0.085,,,,,0.1,0.045,,,,,,,,,,,,,,,0.85,,,,0.14,,,,,,,0.05,0.014,1.9,,,,,0.161,0.019,,,0.049,,,0.13,1.06,1.959,,,,,,0.62,0.027,,0.374,,,,,,0.37,0.019,0.395,,,,,,,,,1.11,0.92,,,,,,,,,0.024,,,,,,,,0.059,,1.51,0.016,,,,,,0.77,,,0.28,,0.16,,,,,,,,0.053,,,,1.19,,,,,0.117,,,,0.008,,,,,,,,0.055,0.16,,,,,,,,,,,,,
